[2026-04-29 18:56:36] WS DISCONNECTED: user_2, code=1000
[2026-04-30 12:10:13] WS CONNECTED: user=72 group=user_72
[2026-04-30 12:10:19] WS DISCONNECTED: user_72, code=1000
[2026-04-30 12:57:17] DISPATCH START delivery=16474 limit=1
[2026-04-30 12:57:17] FIND NEAREST COURIERS: lat=0.0, lon=0.0, limit=3, radius=5km
[2026-04-30 12:57:17] REDIS RESULTS: []
[2026-04-30 12:57:17] WARNING: NO COURIERS FOUND IN REDIS
[2026-04-30 12:57:17] NEAREST FOUND: []
[2026-04-30 12:57:17] TOTAL SENT: 0
[2026-04-30 12:57:17] DISPATCH START delivery=16474 limit=3
[2026-04-30 12:57:17] FIND NEAREST COURIERS: lat=0.0, lon=0.0, limit=9, radius=5km
[2026-04-30 12:57:17] REDIS RESULTS: []
[2026-04-30 12:57:17] WARNING: NO COURIERS FOUND IN REDIS
[2026-04-30 12:57:17] NEAREST FOUND: []
[2026-04-30 12:57:17] TOTAL SENT: 0
[2026-04-30 12:57:17] DISPATCH START delivery=16474 limit=5
[2026-04-30 12:57:17] FIND NEAREST COURIERS: lat=0.0, lon=0.0, limit=15, radius=5km
[2026-04-30 12:57:17] REDIS RESULTS: []
[2026-04-30 12:57:17] WARNING: NO COURIERS FOUND IN REDIS
[2026-04-30 12:57:17] NEAREST FOUND: []
[2026-04-30 12:57:17] TOTAL SENT: 0
[2026-04-30 13:25:02] WS CONNECTED: user=72 group=user_72
[2026-04-30 13:25:29] WS DISCONNECTED: user_72, code=1000
[2026-04-30 13:34:13] WS CONNECTED: user=72 group=user_72
[2026-04-30 13:34:16] WS DISCONNECTED: user_72, code=1000
[2026-04-30 14:06:16] WS CONNECTED: user=72 group=user_72
[2026-04-30 14:06:23] WS DISCONNECTED: user_72, code=1000
[2026-04-30 15:47:00] WS CONNECTED: user=16 group=user_16
[2026-04-30 15:47:10] WS DISCONNECTED: user_16, code=1000
[2026-04-30 15:48:38] WS CONNECTED: user=16 group=user_16
[2026-04-30 15:48:42] WS DISCONNECTED: user_16, code=1000
[2026-04-30 15:55:20] WS CONNECTED: user=16 group=user_16
[2026-04-30 15:55:20] WS CONNECTED: user=16 group=user_16
[2026-04-30 15:55:20] WS CONNECTED: user=16 group=user_16
[2026-04-30 15:56:10] WS DISCONNECTED: user_16, code=1000
[2026-04-30 15:56:10] WS DISCONNECTED: user_16, code=1000
[2026-04-30 15:56:10] WS DISCONNECTED: user_16, code=1000
[2026-04-30 16:05:19] WS CONNECTED: user=16 group=user_16
[2026-04-30 16:07:55] WS DISCONNECTED: user_16, code=1000
[2026-04-30 16:07:58] WS CONNECTED: user=16 group=user_16
[2026-04-30 16:09:36] WS DISCONNECTED: user_16, code=1000
[2026-04-30 16:09:40] WS CONNECTED: user=16 group=user_16
[2026-04-30 16:11:36] TAXI DISPATCH START ride=172 limit=1
[2026-04-30 16:11:36] FIND NEAREST DRIVERS: lat=42.873615, lon=74.5764822, limit=3, radius=5km
[2026-04-30 16:11:36] REDIS RESULTS: [(16, 0.0053), (13, 0.0056), (29, 0.0064)]
[2026-04-30 16:11:36] DRIVERS AFTER FILTER: [13, 16]
[2026-04-30 16:11:36] DRIVER 16 PASSED FILTER, distance=0.0053km
[2026-04-30 16:11:36] DRIVER 13 PASSED FILTER, distance=0.0056km
[2026-04-30 16:11:36] WARNING: DRIVER 29 DID NOT PASS FILTER
[2026-04-30 16:11:36] TOTAL DRIVERS RETURNED: 2
[2026-04-30 16:11:36] TAXI TOTAL SENT: 1
[2026-04-30 16:11:36] NEW OFFER: {'type': 'new_offer', 'offer_kind': 'taxi', 'offer_id': 674, 'expires_at': '2026-04-30T10:11:51.952112+00:00', 'ride': {'id': 172, 'point_a': 'улица Калыка Акиева 66', 'point_b': 'проспект Чуй 50', 'pickup_lat': 42.873615, 'pickup_lon': 74.5764822, 'dropoff_lat': 42.874978, 'dropoff_lon': 74.624138, 'status': 'searching_driver', 'car_class': 'comfort', 'passengers': 1, 'client_comment': '', 'distance_km': '4.45', 'duration_min': 15, 'price': '276.75', 'estimated_price': '276.75', 'total_price': '276.75', 'surge_multiplier': '1.00', 'base_fare': '150.00', 'per_km_rate': '15.00', 'per_min_rate': '12.00', 'included_km': '4.00', 'included_min': 5, 'commission_percent': '5.00', 'commission_amount': '13.84', 'driver_payout': '262.91', 'payment_method': 'cash', 'payment_status': 'unpaid', 'requested_at': '2026-04-30T16:11:36.921983+06:00', 'assigned_at': None, 'accepted_at': None, 'arrived_at': None, 'started_at': None, 'completed_at': None, 'canceled_at': None, 'order_code': '', 'canceled_by': None, 'cancel_reason': '', 'updated_at': '2026-04-30T16:11:36.922006+06:00', 'is_hidden_for_client': False, 'client': 75, 'driver': None}}
[2026-04-30 16:11:36] WS SEND PAYLOAD: {"type": "new_offer", "offer_kind": "taxi", "offer_id": 674, "expires_at": "2026-04-30T10:11:51.952112+00:00", "ride": {"id": 172, "point_a": "улица Калыка Акиева 66", "point_b": "проспект Чуй 50", "pickup_lat": 42.873615, "pickup_lon": 74.5764822, "dropoff_lat": 42.874978, "dropoff_lon": 74.624138, "status": "searching_driver", "car_class": "comfort", "passengers": 1, "client_comment": "", "distance_km": "4.45", "duration_min": 15, "price": "276.75", "estimated_price": "276.75", "total_price": "276.75", "surge_multiplier": "1.00", "base_fare": "150.00", "per_km_rate": "15.00", "per_min_rate": "12.00", "included_km": "4.00", "included_min": 5, "commission_percent": "5.00", "commission_amount": "13.84", "driver_payout": "262.91", "payment_method": "cash", "payment_status": "unpaid", "requested_at": "2026-04-30T16:11:36.921983+06:00", "assigned_at": null, "accepted_at": null, "arrived_at": null, "started_at": null, "completed_at": null, "canceled_at": null, "order_code": "", "canceled_by": null, "cancel_reason": "", "updated_at": "2026-04-30T16:11:36.922006+06:00", "is_hidden_for_client": false, "client": 75, "driver": null}}
[2026-04-30 16:11:36] WS SEND SUCCESS
[2026-04-30 16:11:37] WS DISCONNECTED: user_16, code=1000
[2026-04-30 16:11:48] TAXI DISPATCH START ride=172 limit=2
[2026-04-30 16:11:48] FIND NEAREST DRIVERS: lat=42.873615, lon=74.5764822, limit=6, radius=5km
[2026-04-30 16:11:48] REDIS RESULTS: [(16, 0.0053), (13, 0.0056), (29, 0.0064), (3, 0.0069), (8, 0.0079), (21, 0.0105)]
[2026-04-30 16:11:48] DRIVERS AFTER FILTER: [13, 8, 16]
[2026-04-30 16:11:48] DRIVER 16 PASSED FILTER, distance=0.0053km
[2026-04-30 16:11:48] DRIVER 13 PASSED FILTER, distance=0.0056km
[2026-04-30 16:11:48] WARNING: DRIVER 29 DID NOT PASS FILTER
[2026-04-30 16:11:48] WARNING: DRIVER 3 DID NOT PASS FILTER
[2026-04-30 16:11:48] DRIVER 8 PASSED FILTER, distance=0.0079km
[2026-04-30 16:11:48] WARNING: DRIVER 21 DID NOT PASS FILTER
[2026-04-30 16:11:48] TOTAL DRIVERS RETURNED: 3
[2026-04-30 16:11:48] TAXI TOTAL SENT: 2
[2026-04-30 16:12:01] TAXI DISPATCH START ride=172 limit=3
[2026-04-30 16:12:01] FIND NEAREST DRIVERS: lat=42.873615, lon=74.5764822, limit=9, radius=5km
[2026-04-30 16:12:01] REDIS RESULTS: [(16, 0.0053), (13, 0.0056), (29, 0.0064), (3, 0.0069), (8, 0.0079), (21, 0.0105), (33, 0.0108), (17, 0.0115), (12, 0.0124)]
[2026-04-30 16:12:01] DRIVERS AFTER FILTER: [33, 13, 8, 12, 16]
[2026-04-30 16:12:01] DRIVER 16 PASSED FILTER, distance=0.0053km
[2026-04-30 16:12:01] DRIVER 13 PASSED FILTER, distance=0.0056km
[2026-04-30 16:12:01] WARNING: DRIVER 29 DID NOT PASS FILTER
[2026-04-30 16:12:01] WARNING: DRIVER 3 DID NOT PASS FILTER
[2026-04-30 16:12:01] DRIVER 8 PASSED FILTER, distance=0.0079km
[2026-04-30 16:12:01] WARNING: DRIVER 21 DID NOT PASS FILTER
[2026-04-30 16:12:01] DRIVER 33 PASSED FILTER, distance=0.0108km
[2026-04-30 16:12:01] WARNING: DRIVER 17 DID NOT PASS FILTER
[2026-04-30 16:12:01] DRIVER 12 PASSED FILTER, distance=0.0124km
[2026-04-30 16:12:01] TOTAL DRIVERS RETURNED: 5
[2026-04-30 16:12:01] TAXI TOTAL SENT: 2
[2026-04-30 16:12:13] WS CONNECTED: user=16 group=user_16
[2026-04-30 16:12:16] TAXI DISPATCH START ride=172 limit=1
[2026-04-30 16:12:16] FIND NEAREST DRIVERS: lat=42.873615, lon=74.5764822, limit=3, radius=5km
[2026-04-30 16:12:16] REDIS RESULTS: [(13, 0.0056), (29, 0.0064), (16, 0.0067)]
[2026-04-30 16:12:16] DRIVERS AFTER FILTER: [13, 16]
[2026-04-30 16:12:16] DRIVER 13 PASSED FILTER, distance=0.0056km
[2026-04-30 16:12:16] WARNING: DRIVER 29 DID NOT PASS FILTER
[2026-04-30 16:12:16] DRIVER 16 PASSED FILTER, distance=0.0067km
[2026-04-30 16:12:16] TOTAL DRIVERS RETURNED: 2
[2026-04-30 16:12:16] TAXI TOTAL SENT: 0
[2026-04-30 16:12:16] TAXI DISPATCH START ride=172 limit=1
[2026-04-30 16:12:16] FIND NEAREST DRIVERS: lat=42.873615, lon=74.5764822, limit=3, radius=5km
[2026-04-30 16:12:16] REDIS RESULTS: [(13, 0.0056), (29, 0.0064), (16, 0.0067)]
[2026-04-30 16:12:16] DRIVERS AFTER FILTER: [13, 16]
[2026-04-30 16:12:16] DRIVER 13 PASSED FILTER, distance=0.0056km
[2026-04-30 16:12:16] WARNING: DRIVER 29 DID NOT PASS FILTER
[2026-04-30 16:12:16] DRIVER 16 PASSED FILTER, distance=0.0067km
[2026-04-30 16:12:16] TOTAL DRIVERS RETURNED: 2
[2026-04-30 16:12:16] TAXI TOTAL SENT: 0
[2026-04-30 16:12:16] TAXI DISPATCH START ride=172 limit=2
[2026-04-30 16:12:16] FIND NEAREST DRIVERS: lat=42.873615, lon=74.5764822, limit=6, radius=5km
[2026-04-30 16:12:16] REDIS RESULTS: [(13, 0.0056), (29, 0.0064), (16, 0.0067), (3, 0.0069), (8, 0.0079), (21, 0.0105)]
[2026-04-30 16:12:16] DRIVERS AFTER FILTER: [13, 8, 16]
[2026-04-30 16:12:16] DRIVER 13 PASSED FILTER, distance=0.0056km
[2026-04-30 16:12:16] WARNING: DRIVER 29 DID NOT PASS FILTER
[2026-04-30 16:12:16] DRIVER 16 PASSED FILTER, distance=0.0067km
[2026-04-30 16:12:16] WARNING: DRIVER 3 DID NOT PASS FILTER
[2026-04-30 16:12:16] DRIVER 8 PASSED FILTER, distance=0.0079km
[2026-04-30 16:12:16] WARNING: DRIVER 21 DID NOT PASS FILTER
[2026-04-30 16:12:16] TOTAL DRIVERS RETURNED: 3
[2026-04-30 16:12:16] TAXI TOTAL SENT: 0
[2026-04-30 16:12:16] TAXI DISPATCH START ride=172 limit=2
[2026-04-30 16:12:16] FIND NEAREST DRIVERS: lat=42.873615, lon=74.5764822, limit=6, radius=5km
[2026-04-30 16:12:16] REDIS RESULTS: [(13, 0.0056), (29, 0.0064), (16, 0.0067), (3, 0.0069), (8, 0.0079), (21, 0.0105)]
[2026-04-30 16:12:16] DRIVERS AFTER FILTER: [13, 8, 16]
[2026-04-30 16:12:16] DRIVER 13 PASSED FILTER, distance=0.0056km
[2026-04-30 16:12:16] WARNING: DRIVER 29 DID NOT PASS FILTER
[2026-04-30 16:12:16] DRIVER 16 PASSED FILTER, distance=0.0067km
[2026-04-30 16:12:16] WARNING: DRIVER 3 DID NOT PASS FILTER
[2026-04-30 16:12:16] DRIVER 8 PASSED FILTER, distance=0.0079km
[2026-04-30 16:12:16] WARNING: DRIVER 21 DID NOT PASS FILTER
[2026-04-30 16:12:16] TOTAL DRIVERS RETURNED: 3
[2026-04-30 16:12:16] TAXI TOTAL SENT: 0
[2026-04-30 16:12:16] TAXI DISPATCH START ride=172 limit=3
[2026-04-30 16:12:16] FIND NEAREST DRIVERS: lat=42.873615, lon=74.5764822, limit=9, radius=5km
[2026-04-30 16:12:16] REDIS RESULTS: [(13, 0.0056), (29, 0.0064), (16, 0.0067), (3, 0.0069), (8, 0.0079), (21, 0.0105), (33, 0.0108), (17, 0.0115), (12, 0.0124)]
[2026-04-30 16:12:16] DRIVERS AFTER FILTER: [33, 13, 8, 12, 16]
[2026-04-30 16:12:16] DRIVER 13 PASSED FILTER, distance=0.0056km
[2026-04-30 16:12:16] WARNING: DRIVER 29 DID NOT PASS FILTER
[2026-04-30 16:12:16] DRIVER 16 PASSED FILTER, distance=0.0067km
[2026-04-30 16:12:16] WARNING: DRIVER 3 DID NOT PASS FILTER
[2026-04-30 16:12:16] DRIVER 8 PASSED FILTER, distance=0.0079km
[2026-04-30 16:12:16] WARNING: DRIVER 21 DID NOT PASS FILTER
[2026-04-30 16:12:16] DRIVER 33 PASSED FILTER, distance=0.0108km
[2026-04-30 16:12:16] WARNING: DRIVER 17 DID NOT PASS FILTER
[2026-04-30 16:12:16] DRIVER 12 PASSED FILTER, distance=0.0124km
[2026-04-30 16:12:16] TOTAL DRIVERS RETURNED: 5
[2026-04-30 16:12:16] TAXI TOTAL SENT: 0
[2026-04-30 16:12:16] TAXI DISPATCH START ride=172 limit=3
[2026-04-30 16:12:16] FIND NEAREST DRIVERS: lat=42.873615, lon=74.5764822, limit=9, radius=5km
[2026-04-30 16:12:16] REDIS RESULTS: [(13, 0.0056), (29, 0.0064), (16, 0.0067), (3, 0.0069), (8, 0.0079), (21, 0.0105), (33, 0.0108), (17, 0.0115), (12, 0.0124)]
[2026-04-30 16:12:16] DRIVERS AFTER FILTER: [33, 13, 8, 12, 16]
[2026-04-30 16:12:16] DRIVER 13 PASSED FILTER, distance=0.0056km
[2026-04-30 16:12:16] WARNING: DRIVER 29 DID NOT PASS FILTER
[2026-04-30 16:12:16] DRIVER 16 PASSED FILTER, distance=0.0067km
[2026-04-30 16:12:16] WARNING: DRIVER 3 DID NOT PASS FILTER
[2026-04-30 16:12:16] DRIVER 8 PASSED FILTER, distance=0.0079km
[2026-04-30 16:12:16] WARNING: DRIVER 21 DID NOT PASS FILTER
[2026-04-30 16:12:16] DRIVER 33 PASSED FILTER, distance=0.0108km
[2026-04-30 16:12:16] WARNING: DRIVER 17 DID NOT PASS FILTER
[2026-04-30 16:12:16] DRIVER 12 PASSED FILTER, distance=0.0124km
[2026-04-30 16:12:16] TOTAL DRIVERS RETURNED: 5
[2026-04-30 16:12:16] TAXI TOTAL SENT: 0
[2026-04-30 16:12:24] TAXI DISPATCH START ride=173 limit=1
[2026-04-30 16:12:24] FIND NEAREST DRIVERS: lat=42.873615, lon=74.5764822, limit=3, radius=5km
[2026-04-30 16:12:24] REDIS RESULTS: [(13, 0.0056), (29, 0.0064), (16, 0.0067)]
[2026-04-30 16:12:24] DRIVERS AFTER FILTER: [13, 16]
[2026-04-30 16:12:24] DRIVER 13 PASSED FILTER, distance=0.0056km
[2026-04-30 16:12:24] WARNING: DRIVER 29 DID NOT PASS FILTER
[2026-04-30 16:12:24] DRIVER 16 PASSED FILTER, distance=0.0067km
[2026-04-30 16:12:24] TOTAL DRIVERS RETURNED: 2
[2026-04-30 16:12:24] TAXI TOTAL SENT: 1
[2026-04-30 16:12:36] TAXI DISPATCH START ride=173 limit=2
[2026-04-30 16:12:36] FIND NEAREST DRIVERS: lat=42.873615, lon=74.5764822, limit=6, radius=5km
[2026-04-30 16:12:36] REDIS RESULTS: [(13, 0.0056), (29, 0.0064), (16, 0.0067), (3, 0.0069), (8, 0.0079), (21, 0.0105)]
[2026-04-30 16:12:36] DRIVERS AFTER FILTER: [13, 8, 16]
[2026-04-30 16:12:36] DRIVER 13 PASSED FILTER, distance=0.0056km
[2026-04-30 16:12:36] WARNING: DRIVER 29 DID NOT PASS FILTER
[2026-04-30 16:12:36] DRIVER 16 PASSED FILTER, distance=0.0067km
[2026-04-30 16:12:36] WARNING: DRIVER 3 DID NOT PASS FILTER
[2026-04-30 16:12:36] DRIVER 8 PASSED FILTER, distance=0.0079km
[2026-04-30 16:12:36] WARNING: DRIVER 21 DID NOT PASS FILTER
[2026-04-30 16:12:36] TOTAL DRIVERS RETURNED: 3
[2026-04-30 16:12:36] TAXI TOTAL SENT: 2
[2026-04-30 16:12:36] NEW OFFER: {'type': 'new_offer', 'offer_kind': 'taxi', 'offer_id': 680, 'expires_at': '2026-04-30T10:12:51.480426+00:00', 'ride': {'id': 173, 'point_a': 'улица Калыка Акиева 66', 'point_b': 'проспект Чуй 50', 'pickup_lat': 42.873615, 'pickup_lon': 74.5764822, 'dropoff_lat': 42.874978, 'dropoff_lon': 74.624138, 'status': 'searching_driver', 'car_class': 'comfort', 'passengers': 1, 'client_comment': '', 'distance_km': '4.45', 'duration_min': 15, 'price': '276.75', 'estimated_price': '276.75', 'total_price': '276.75', 'surge_multiplier': '1.00', 'base_fare': '150.00', 'per_km_rate': '15.00', 'per_min_rate': '12.00', 'included_km': '4.00', 'included_min': 5, 'commission_percent': '5.00', 'commission_amount': '13.84', 'driver_payout': '262.91', 'payment_method': 'cash', 'payment_status': 'unpaid', 'requested_at': '2026-04-30T16:12:24.418098+06:00', 'assigned_at': None, 'accepted_at': None, 'arrived_at': None, 'started_at': None, 'completed_at': None, 'canceled_at': None, 'order_code': '', 'canceled_by': None, 'cancel_reason': '', 'updated_at': '2026-04-30T16:12:24.418129+06:00', 'is_hidden_for_client': False, 'client': 75, 'driver': None}}
[2026-04-30 16:12:36] WS SEND PAYLOAD: {"type": "new_offer", "offer_kind": "taxi", "offer_id": 680, "expires_at": "2026-04-30T10:12:51.480426+00:00", "ride": {"id": 173, "point_a": "улица Калыка Акиева 66", "point_b": "проспект Чуй 50", "pickup_lat": 42.873615, "pickup_lon": 74.5764822, "dropoff_lat": 42.874978, "dropoff_lon": 74.624138, "status": "searching_driver", "car_class": "comfort", "passengers": 1, "client_comment": "", "distance_km": "4.45", "duration_min": 15, "price": "276.75", "estimated_price": "276.75", "total_price": "276.75", "surge_multiplier": "1.00", "base_fare": "150.00", "per_km_rate": "15.00", "per_min_rate": "12.00", "included_km": "4.00", "included_min": 5, "commission_percent": "5.00", "commission_amount": "13.84", "driver_payout": "262.91", "payment_method": "cash", "payment_status": "unpaid", "requested_at": "2026-04-30T16:12:24.418098+06:00", "assigned_at": null, "accepted_at": null, "arrived_at": null, "started_at": null, "completed_at": null, "canceled_at": null, "order_code": "", "canceled_by": null, "cancel_reason": "", "updated_at": "2026-04-30T16:12:24.418129+06:00", "is_hidden_for_client": false, "client": 75, "driver": null}}
[2026-04-30 16:12:36] WS SEND SUCCESS
[2026-04-30 16:12:36] WS DISCONNECTED: user_16, code=1000
[2026-04-30 16:14:22] WS CONNECTED: user=16 group=user_16
[2026-04-30 16:14:55] WS DISCONNECTED: user_16, code=1000
[2026-04-30 17:02:45] WS CONNECTED: user=72 group=user_72
[2026-04-30 17:04:24] TAXI DISPATCH START ride=174 limit=1
[2026-04-30 17:04:24] FIND NEAREST DRIVERS: lat=42.87358136305377, lon=74.57641123697533, limit=3, radius=5km
[2026-04-30 17:04:24] REDIS RESULTS: [(16, 0.001), (3, 0.0011), (21, 0.0036)]
[2026-04-30 17:04:24] DRIVERS AFTER FILTER: []
[2026-04-30 17:04:24] WARNING: DRIVER 16 DID NOT PASS FILTER
[2026-04-30 17:04:24] WARNING: DRIVER 3 DID NOT PASS FILTER
[2026-04-30 17:04:24] WARNING: DRIVER 21 DID NOT PASS FILTER
[2026-04-30 17:04:24] TOTAL DRIVERS RETURNED: 0
[2026-04-30 17:04:24] TAXI TOTAL SENT: 0
[2026-04-30 17:04:24] TAXI DISPATCH START ride=174 limit=2
[2026-04-30 17:04:24] FIND NEAREST DRIVERS: lat=42.87358136305377, lon=74.57641123697533, limit=6, radius=5km
[2026-04-30 17:04:24] REDIS RESULTS: [(16, 0.001), (3, 0.0011), (21, 0.0036), (33, 0.0042), (12, 0.0062), (13, 0.0067)]
[2026-04-30 17:04:24] DRIVERS AFTER FILTER: [33, 13, 12]
[2026-04-30 17:04:24] WARNING: DRIVER 16 DID NOT PASS FILTER
[2026-04-30 17:04:24] WARNING: DRIVER 3 DID NOT PASS FILTER
[2026-04-30 17:04:24] WARNING: DRIVER 21 DID NOT PASS FILTER
[2026-04-30 17:04:24] DRIVER 33 PASSED FILTER, distance=0.0042km
[2026-04-30 17:04:24] DRIVER 12 PASSED FILTER, distance=0.0062km
[2026-04-30 17:04:24] DRIVER 13 PASSED FILTER, distance=0.0067km
[2026-04-30 17:04:24] TOTAL DRIVERS RETURNED: 3
[2026-04-30 17:04:24] TAXI TOTAL SENT: 2
[2026-04-30 17:04:36] TAXI DISPATCH START ride=174 limit=3
[2026-04-30 17:04:36] FIND NEAREST DRIVERS: lat=42.87358136305377, lon=74.57641123697533, limit=9, radius=5km
[2026-04-30 17:04:36] REDIS RESULTS: [(16, 0.001), (3, 0.0011), (21, 0.0036), (33, 0.0042), (12, 0.0062), (13, 0.0067), (17, 0.0075), (8, 0.0095), (29, 0.0109)]
[2026-04-30 17:04:36] DRIVERS AFTER FILTER: [33, 13, 8, 12]
[2026-04-30 17:04:36] WARNING: DRIVER 16 DID NOT PASS FILTER
[2026-04-30 17:04:36] WARNING: DRIVER 3 DID NOT PASS FILTER
[2026-04-30 17:04:36] WARNING: DRIVER 21 DID NOT PASS FILTER
[2026-04-30 17:04:36] DRIVER 33 PASSED FILTER, distance=0.0042km
[2026-04-30 17:04:36] DRIVER 12 PASSED FILTER, distance=0.0062km
[2026-04-30 17:04:36] DRIVER 13 PASSED FILTER, distance=0.0067km
[2026-04-30 17:04:36] WARNING: DRIVER 17 DID NOT PASS FILTER
[2026-04-30 17:04:36] DRIVER 8 PASSED FILTER, distance=0.0095km
[2026-04-30 17:04:36] WARNING: DRIVER 29 DID NOT PASS FILTER
[2026-04-30 17:04:36] TOTAL DRIVERS RETURNED: 4
[2026-04-30 17:04:36] TAXI TOTAL SENT: 2
[2026-04-30 17:04:51] TAXI DISPATCH START ride=174 limit=1
[2026-04-30 17:04:51] FIND NEAREST DRIVERS: lat=42.87358136305377, lon=74.57641123697533, limit=3, radius=5km
[2026-04-30 17:04:51] REDIS RESULTS: [(16, 0.001), (3, 0.0011), (21, 0.0036)]
[2026-04-30 17:04:51] DRIVERS AFTER FILTER: []
[2026-04-30 17:04:51] WARNING: DRIVER 16 DID NOT PASS FILTER
[2026-04-30 17:04:51] WARNING: DRIVER 3 DID NOT PASS FILTER
[2026-04-30 17:04:51] WARNING: DRIVER 21 DID NOT PASS FILTER
[2026-04-30 17:04:51] TOTAL DRIVERS RETURNED: 0
[2026-04-30 17:04:51] TAXI TOTAL SENT: 0
[2026-04-30 17:04:51] TAXI DISPATCH START ride=174 limit=1
[2026-04-30 17:04:51] FIND NEAREST DRIVERS: lat=42.87358136305377, lon=74.57641123697533, limit=3, radius=5km
[2026-04-30 17:04:51] REDIS RESULTS: [(16, 0.001), (3, 0.0011), (21, 0.0036)]
[2026-04-30 17:04:51] DRIVERS AFTER FILTER: []
[2026-04-30 17:04:51] WARNING: DRIVER 16 DID NOT PASS FILTER
[2026-04-30 17:04:51] WARNING: DRIVER 3 DID NOT PASS FILTER
[2026-04-30 17:04:51] WARNING: DRIVER 21 DID NOT PASS FILTER
[2026-04-30 17:04:51] TOTAL DRIVERS RETURNED: 0
[2026-04-30 17:04:51] TAXI TOTAL SENT: 0
[2026-04-30 17:04:51] TAXI DISPATCH START ride=174 limit=2
[2026-04-30 17:04:51] FIND NEAREST DRIVERS: lat=42.87358136305377, lon=74.57641123697533, limit=6, radius=5km
[2026-04-30 17:04:51] REDIS RESULTS: [(16, 0.001), (3, 0.0011), (21, 0.0036), (33, 0.0042), (12, 0.0062), (13, 0.0067)]
[2026-04-30 17:04:51] DRIVERS AFTER FILTER: [33, 13, 12]
[2026-04-30 17:04:51] WARNING: DRIVER 16 DID NOT PASS FILTER
[2026-04-30 17:04:51] WARNING: DRIVER 3 DID NOT PASS FILTER
[2026-04-30 17:04:51] WARNING: DRIVER 21 DID NOT PASS FILTER
[2026-04-30 17:04:51] DRIVER 33 PASSED FILTER, distance=0.0042km
[2026-04-30 17:04:51] DRIVER 12 PASSED FILTER, distance=0.0062km
[2026-04-30 17:04:51] DRIVER 13 PASSED FILTER, distance=0.0067km
[2026-04-30 17:04:51] TOTAL DRIVERS RETURNED: 3
[2026-04-30 17:04:51] TAXI TOTAL SENT: 0
[2026-04-30 17:04:51] TAXI DISPATCH START ride=174 limit=2
[2026-04-30 17:04:51] FIND NEAREST DRIVERS: lat=42.87358136305377, lon=74.57641123697533, limit=6, radius=5km
[2026-04-30 17:04:51] REDIS RESULTS: [(16, 0.001), (3, 0.0011), (21, 0.0036), (33, 0.0042), (12, 0.0062), (13, 0.0067)]
[2026-04-30 17:04:51] DRIVERS AFTER FILTER: [33, 13, 12]
[2026-04-30 17:04:51] WARNING: DRIVER 16 DID NOT PASS FILTER
[2026-04-30 17:04:51] WARNING: DRIVER 3 DID NOT PASS FILTER
[2026-04-30 17:04:51] WARNING: DRIVER 21 DID NOT PASS FILTER
[2026-04-30 17:04:51] DRIVER 33 PASSED FILTER, distance=0.0042km
[2026-04-30 17:04:51] DRIVER 12 PASSED FILTER, distance=0.0062km
[2026-04-30 17:04:51] DRIVER 13 PASSED FILTER, distance=0.0067km
[2026-04-30 17:04:51] TOTAL DRIVERS RETURNED: 3
[2026-04-30 17:04:51] TAXI TOTAL SENT: 0
[2026-04-30 17:04:51] TAXI DISPATCH START ride=174 limit=3
[2026-04-30 17:04:51] FIND NEAREST DRIVERS: lat=42.87358136305377, lon=74.57641123697533, limit=9, radius=5km
[2026-04-30 17:04:51] REDIS RESULTS: [(16, 0.001), (3, 0.0011), (21, 0.0036), (33, 0.0042), (12, 0.0062), (13, 0.0067), (17, 0.0075), (8, 0.0095), (29, 0.0109)]
[2026-04-30 17:04:51] DRIVERS AFTER FILTER: [33, 13, 8, 12]
[2026-04-30 17:04:51] WARNING: DRIVER 16 DID NOT PASS FILTER
[2026-04-30 17:04:51] WARNING: DRIVER 3 DID NOT PASS FILTER
[2026-04-30 17:04:51] WARNING: DRIVER 21 DID NOT PASS FILTER
[2026-04-30 17:04:51] DRIVER 33 PASSED FILTER, distance=0.0042km
[2026-04-30 17:04:51] DRIVER 12 PASSED FILTER, distance=0.0062km
[2026-04-30 17:04:51] DRIVER 13 PASSED FILTER, distance=0.0067km
[2026-04-30 17:04:51] WARNING: DRIVER 17 DID NOT PASS FILTER
[2026-04-30 17:04:51] DRIVER 8 PASSED FILTER, distance=0.0095km
[2026-04-30 17:04:51] WARNING: DRIVER 29 DID NOT PASS FILTER
[2026-04-30 17:04:51] TOTAL DRIVERS RETURNED: 4
[2026-04-30 17:04:51] TAXI TOTAL SENT: 0
[2026-04-30 17:04:51] TAXI DISPATCH START ride=174 limit=3
[2026-04-30 17:04:51] FIND NEAREST DRIVERS: lat=42.87358136305377, lon=74.57641123697533, limit=9, radius=5km
[2026-04-30 17:04:51] REDIS RESULTS: [(16, 0.001), (3, 0.0011), (21, 0.0036), (33, 0.0042), (12, 0.0062), (13, 0.0067), (17, 0.0075), (8, 0.0095), (29, 0.0109)]
[2026-04-30 17:04:51] DRIVERS AFTER FILTER: [33, 13, 8, 12]
[2026-04-30 17:04:51] WARNING: DRIVER 16 DID NOT PASS FILTER
[2026-04-30 17:04:51] WARNING: DRIVER 3 DID NOT PASS FILTER
[2026-04-30 17:04:51] WARNING: DRIVER 21 DID NOT PASS FILTER
[2026-04-30 17:04:51] DRIVER 33 PASSED FILTER, distance=0.0042km
[2026-04-30 17:04:51] DRIVER 12 PASSED FILTER, distance=0.0062km
[2026-04-30 17:04:51] DRIVER 13 PASSED FILTER, distance=0.0067km
[2026-04-30 17:04:51] WARNING: DRIVER 17 DID NOT PASS FILTER
[2026-04-30 17:04:51] DRIVER 8 PASSED FILTER, distance=0.0095km
[2026-04-30 17:04:51] WARNING: DRIVER 29 DID NOT PASS FILTER
[2026-04-30 17:04:51] TOTAL DRIVERS RETURNED: 4
[2026-04-30 17:04:51] TAXI TOTAL SENT: 0
[2026-04-30 17:05:36] WS DISCONNECTED: user_72, code=1006
[2026-04-30 17:25:06] WS CONNECTED: user=72 group=user_72
[2026-04-30 17:25:14] TAXI DISPATCH START ride=175 limit=1
[2026-04-30 17:25:14] FIND NEAREST DRIVERS: lat=42.874978, lon=74.624138, limit=3, radius=5km
[2026-04-30 17:25:14] REDIS RESULTS: [(29, 3.8826), (13, 3.887), (17, 3.8916)]
[2026-04-30 17:25:14] DRIVERS AFTER FILTER: [13]
[2026-04-30 17:25:14] WARNING: DRIVER 29 DID NOT PASS FILTER
[2026-04-30 17:25:14] DRIVER 13 PASSED FILTER, distance=3.887km
[2026-04-30 17:25:14] WARNING: DRIVER 17 DID NOT PASS FILTER
[2026-04-30 17:25:14] TOTAL DRIVERS RETURNED: 1
[2026-04-30 17:25:14] TAXI TOTAL SENT: 1
[2026-04-30 17:25:26] TAXI DISPATCH START ride=175 limit=2
[2026-04-30 17:25:26] FIND NEAREST DRIVERS: lat=42.874978, lon=74.624138, limit=6, radius=5km
[2026-04-30 17:25:26] REDIS RESULTS: [(29, 3.8826), (13, 3.887), (17, 3.8916), (8, 3.8927), (16, 3.8931), (3, 3.8939)]
[2026-04-30 17:25:26] DRIVERS AFTER FILTER: [13, 8]
[2026-04-30 17:25:26] WARNING: DRIVER 29 DID NOT PASS FILTER
[2026-04-30 17:25:26] DRIVER 13 PASSED FILTER, distance=3.887km
[2026-04-30 17:25:26] WARNING: DRIVER 17 DID NOT PASS FILTER
[2026-04-30 17:25:26] DRIVER 8 PASSED FILTER, distance=3.8927km
[2026-04-30 17:25:26] WARNING: DRIVER 16 DID NOT PASS FILTER
[2026-04-30 17:25:26] WARNING: DRIVER 3 DID NOT PASS FILTER
[2026-04-30 17:25:26] TOTAL DRIVERS RETURNED: 2
[2026-04-30 17:25:26] TAXI TOTAL SENT: 1
[2026-04-30 17:25:35] TAXI DISPATCH START ride=176 limit=1
[2026-04-30 17:25:35] FIND NEAREST DRIVERS: lat=42.874978, lon=74.624138, limit=3, radius=5km
[2026-04-30 17:25:35] REDIS RESULTS: [(29, 3.8826), (13, 3.887), (17, 3.8916)]
[2026-04-30 17:25:35] DRIVERS AFTER FILTER: [13]
[2026-04-30 17:25:35] WARNING: DRIVER 29 DID NOT PASS FILTER
[2026-04-30 17:25:35] DRIVER 13 PASSED FILTER, distance=3.887km
[2026-04-30 17:25:35] WARNING: DRIVER 17 DID NOT PASS FILTER
[2026-04-30 17:25:35] TOTAL DRIVERS RETURNED: 1
[2026-04-30 17:25:35] TAXI TOTAL SENT: 1
[2026-04-30 17:25:38] TAXI DISPATCH START ride=175 limit=3
[2026-04-30 17:25:38] FIND NEAREST DRIVERS: lat=42.874978, lon=74.624138, limit=9, radius=5km
[2026-04-30 17:25:38] REDIS RESULTS: [(29, 3.8826), (13, 3.887), (17, 3.8916), (8, 3.8927), (16, 3.8931), (3, 3.8939), (33, 3.8958), (21, 3.8966), (27, 3.8992)]
[2026-04-30 17:25:38] DRIVERS AFTER FILTER: [33, 13, 8, 27]
[2026-04-30 17:25:38] WARNING: DRIVER 29 DID NOT PASS FILTER
[2026-04-30 17:25:38] DRIVER 13 PASSED FILTER, distance=3.887km
[2026-04-30 17:25:38] WARNING: DRIVER 17 DID NOT PASS FILTER
[2026-04-30 17:25:38] DRIVER 8 PASSED FILTER, distance=3.8927km
[2026-04-30 17:25:38] WARNING: DRIVER 16 DID NOT PASS FILTER
[2026-04-30 17:25:38] WARNING: DRIVER 3 DID NOT PASS FILTER
[2026-04-30 17:25:38] DRIVER 33 PASSED FILTER, distance=3.8958km
[2026-04-30 17:25:38] WARNING: DRIVER 21 DID NOT PASS FILTER
[2026-04-30 17:25:38] DRIVER 27 PASSED FILTER, distance=3.8992km
[2026-04-30 17:25:38] TOTAL DRIVERS RETURNED: 4
[2026-04-30 17:25:38] TAXI TOTAL SENT: 2
[2026-04-30 17:25:47] TAXI DISPATCH START ride=176 limit=2
[2026-04-30 17:25:47] FIND NEAREST DRIVERS: lat=42.874978, lon=74.624138, limit=6, radius=5km
[2026-04-30 17:25:47] REDIS RESULTS: [(29, 3.8826), (13, 3.887), (17, 3.8916), (8, 3.8927), (16, 3.8931), (3, 3.8939)]
[2026-04-30 17:25:47] DRIVERS AFTER FILTER: [13, 8]
[2026-04-30 17:25:47] WARNING: DRIVER 29 DID NOT PASS FILTER
[2026-04-30 17:25:47] DRIVER 13 PASSED FILTER, distance=3.887km
[2026-04-30 17:25:47] WARNING: DRIVER 17 DID NOT PASS FILTER
[2026-04-30 17:25:47] DRIVER 8 PASSED FILTER, distance=3.8927km
[2026-04-30 17:25:47] WARNING: DRIVER 16 DID NOT PASS FILTER
[2026-04-30 17:25:47] WARNING: DRIVER 3 DID NOT PASS FILTER
[2026-04-30 17:25:47] TOTAL DRIVERS RETURNED: 2
[2026-04-30 17:25:47] TAXI TOTAL SENT: 1
[2026-04-30 17:25:53] TAXI DISPATCH START ride=175 limit=1
[2026-04-30 17:25:53] FIND NEAREST DRIVERS: lat=42.874978, lon=74.624138, limit=3, radius=5km
[2026-04-30 17:25:53] REDIS RESULTS: [(29, 3.8826), (13, 3.887), (17, 3.8916)]
[2026-04-30 17:25:53] DRIVERS AFTER FILTER: [13]
[2026-04-30 17:25:53] WARNING: DRIVER 29 DID NOT PASS FILTER
[2026-04-30 17:25:53] DRIVER 13 PASSED FILTER, distance=3.887km
[2026-04-30 17:25:53] WARNING: DRIVER 17 DID NOT PASS FILTER
[2026-04-30 17:25:53] TOTAL DRIVERS RETURNED: 1
[2026-04-30 17:25:53] TAXI TOTAL SENT: 0
[2026-04-30 17:25:53] TAXI DISPATCH START ride=175 limit=1
[2026-04-30 17:25:53] FIND NEAREST DRIVERS: lat=42.874978, lon=74.624138, limit=3, radius=5km
[2026-04-30 17:25:53] REDIS RESULTS: [(29, 3.8826), (13, 3.887), (17, 3.8916)]
[2026-04-30 17:25:53] DRIVERS AFTER FILTER: [13]
[2026-04-30 17:25:53] WARNING: DRIVER 29 DID NOT PASS FILTER
[2026-04-30 17:25:53] DRIVER 13 PASSED FILTER, distance=3.887km
[2026-04-30 17:25:53] WARNING: DRIVER 17 DID NOT PASS FILTER
[2026-04-30 17:25:53] TOTAL DRIVERS RETURNED: 1
[2026-04-30 17:25:53] TAXI TOTAL SENT: 0
[2026-04-30 17:25:53] TAXI DISPATCH START ride=175 limit=2
[2026-04-30 17:25:53] FIND NEAREST DRIVERS: lat=42.874978, lon=74.624138, limit=6, radius=5km
[2026-04-30 17:25:53] REDIS RESULTS: [(29, 3.8826), (13, 3.887), (17, 3.8916), (8, 3.8927), (16, 3.8931), (3, 3.8939)]
[2026-04-30 17:25:53] DRIVERS AFTER FILTER: [13, 8]
[2026-04-30 17:25:53] WARNING: DRIVER 29 DID NOT PASS FILTER
[2026-04-30 17:25:53] DRIVER 13 PASSED FILTER, distance=3.887km
[2026-04-30 17:25:53] WARNING: DRIVER 17 DID NOT PASS FILTER
[2026-04-30 17:25:53] DRIVER 8 PASSED FILTER, distance=3.8927km
[2026-04-30 17:25:53] WARNING: DRIVER 16 DID NOT PASS FILTER
[2026-04-30 17:25:53] WARNING: DRIVER 3 DID NOT PASS FILTER
[2026-04-30 17:25:53] TOTAL DRIVERS RETURNED: 2
[2026-04-30 17:25:53] TAXI TOTAL SENT: 0
[2026-04-30 17:25:53] TAXI DISPATCH START ride=175 limit=2
[2026-04-30 17:25:53] FIND NEAREST DRIVERS: lat=42.874978, lon=74.624138, limit=6, radius=5km
[2026-04-30 17:25:53] REDIS RESULTS: [(29, 3.8826), (13, 3.887), (17, 3.8916), (8, 3.8927), (16, 3.8931), (3, 3.8939)]
[2026-04-30 17:25:53] DRIVERS AFTER FILTER: [13, 8]
[2026-04-30 17:25:53] WARNING: DRIVER 29 DID NOT PASS FILTER
[2026-04-30 17:25:53] DRIVER 13 PASSED FILTER, distance=3.887km
[2026-04-30 17:25:53] WARNING: DRIVER 17 DID NOT PASS FILTER
[2026-04-30 17:25:53] DRIVER 8 PASSED FILTER, distance=3.8927km
[2026-04-30 17:25:53] WARNING: DRIVER 16 DID NOT PASS FILTER
[2026-04-30 17:25:53] WARNING: DRIVER 3 DID NOT PASS FILTER
[2026-04-30 17:25:53] TOTAL DRIVERS RETURNED: 2
[2026-04-30 17:25:53] TAXI TOTAL SENT: 0
[2026-04-30 17:25:53] TAXI DISPATCH START ride=175 limit=3
[2026-04-30 17:25:53] FIND NEAREST DRIVERS: lat=42.874978, lon=74.624138, limit=9, radius=5km
[2026-04-30 17:25:53] REDIS RESULTS: [(29, 3.8826), (13, 3.887), (17, 3.8916), (8, 3.8927), (16, 3.8931), (3, 3.8939), (33, 3.8958), (21, 3.8966), (27, 3.8992)]
[2026-04-30 17:25:53] DRIVERS AFTER FILTER: [33, 13, 8, 27]
[2026-04-30 17:25:53] WARNING: DRIVER 29 DID NOT PASS FILTER
[2026-04-30 17:25:53] DRIVER 13 PASSED FILTER, distance=3.887km
[2026-04-30 17:25:53] WARNING: DRIVER 17 DID NOT PASS FILTER
[2026-04-30 17:25:53] DRIVER 8 PASSED FILTER, distance=3.8927km
[2026-04-30 17:25:53] WARNING: DRIVER 16 DID NOT PASS FILTER
[2026-04-30 17:25:53] WARNING: DRIVER 3 DID NOT PASS FILTER
[2026-04-30 17:25:53] DRIVER 33 PASSED FILTER, distance=3.8958km
[2026-04-30 17:25:53] WARNING: DRIVER 21 DID NOT PASS FILTER
[2026-04-30 17:25:53] DRIVER 27 PASSED FILTER, distance=3.8992km
[2026-04-30 17:25:53] TOTAL DRIVERS RETURNED: 4
[2026-04-30 17:25:53] TAXI TOTAL SENT: 0
[2026-04-30 17:25:53] TAXI DISPATCH START ride=175 limit=3
[2026-04-30 17:25:53] FIND NEAREST DRIVERS: lat=42.874978, lon=74.624138, limit=9, radius=5km
[2026-04-30 17:25:53] REDIS RESULTS: [(29, 3.8826), (13, 3.887), (17, 3.8916), (8, 3.8927), (16, 3.8931), (3, 3.8939), (33, 3.8958), (21, 3.8966), (27, 3.8992)]
[2026-04-30 17:25:53] DRIVERS AFTER FILTER: [33, 13, 8, 27]
[2026-04-30 17:25:53] WARNING: DRIVER 29 DID NOT PASS FILTER
[2026-04-30 17:25:53] DRIVER 13 PASSED FILTER, distance=3.887km
[2026-04-30 17:25:53] WARNING: DRIVER 17 DID NOT PASS FILTER
[2026-04-30 17:25:53] DRIVER 8 PASSED FILTER, distance=3.8927km
[2026-04-30 17:25:53] WARNING: DRIVER 16 DID NOT PASS FILTER
[2026-04-30 17:25:53] WARNING: DRIVER 3 DID NOT PASS FILTER
[2026-04-30 17:25:53] DRIVER 33 PASSED FILTER, distance=3.8958km
[2026-04-30 17:25:53] WARNING: DRIVER 21 DID NOT PASS FILTER
[2026-04-30 17:25:53] DRIVER 27 PASSED FILTER, distance=3.8992km
[2026-04-30 17:25:53] TOTAL DRIVERS RETURNED: 4
[2026-04-30 17:25:53] TAXI TOTAL SENT: 0
[2026-04-30 17:25:59] TAXI DISPATCH START ride=176 limit=3
[2026-04-30 17:25:59] FIND NEAREST DRIVERS: lat=42.874978, lon=74.624138, limit=9, radius=5km
[2026-04-30 17:25:59] REDIS RESULTS: [(29, 3.8826), (13, 3.887), (17, 3.8916), (8, 3.8927), (16, 3.8931), (3, 3.8939), (33, 3.8958), (21, 3.8966), (27, 3.8992)]
[2026-04-30 17:25:59] DRIVERS AFTER FILTER: [33, 13, 8, 27]
[2026-04-30 17:25:59] WARNING: DRIVER 29 DID NOT PASS FILTER
[2026-04-30 17:25:59] DRIVER 13 PASSED FILTER, distance=3.887km
[2026-04-30 17:25:59] WARNING: DRIVER 17 DID NOT PASS FILTER
[2026-04-30 17:25:59] DRIVER 8 PASSED FILTER, distance=3.8927km
[2026-04-30 17:25:59] WARNING: DRIVER 16 DID NOT PASS FILTER
[2026-04-30 17:25:59] WARNING: DRIVER 3 DID NOT PASS FILTER
[2026-04-30 17:25:59] DRIVER 33 PASSED FILTER, distance=3.8958km
[2026-04-30 17:25:59] WARNING: DRIVER 21 DID NOT PASS FILTER
[2026-04-30 17:25:59] DRIVER 27 PASSED FILTER, distance=3.8992km
[2026-04-30 17:25:59] TOTAL DRIVERS RETURNED: 4
[2026-04-30 17:25:59] TAXI TOTAL SENT: 2
[2026-04-30 17:26:14] TAXI DISPATCH START ride=176 limit=1
[2026-04-30 17:26:14] FIND NEAREST DRIVERS: lat=42.874978, lon=74.624138, limit=3, radius=5km
[2026-04-30 17:26:14] REDIS RESULTS: [(29, 3.8826), (13, 3.887), (17, 3.8916)]
[2026-04-30 17:26:14] DRIVERS AFTER FILTER: [13]
[2026-04-30 17:26:14] WARNING: DRIVER 29 DID NOT PASS FILTER
[2026-04-30 17:26:14] DRIVER 13 PASSED FILTER, distance=3.887km
[2026-04-30 17:26:14] WARNING: DRIVER 17 DID NOT PASS FILTER
[2026-04-30 17:26:14] TOTAL DRIVERS RETURNED: 1
[2026-04-30 17:26:14] TAXI TOTAL SENT: 0
[2026-04-30 17:26:14] TAXI DISPATCH START ride=176 limit=1
[2026-04-30 17:26:14] FIND NEAREST DRIVERS: lat=42.874978, lon=74.624138, limit=3, radius=5km
[2026-04-30 17:26:14] REDIS RESULTS: [(29, 3.8826), (13, 3.887), (17, 3.8916)]
[2026-04-30 17:26:14] DRIVERS AFTER FILTER: [13]
[2026-04-30 17:26:14] WARNING: DRIVER 29 DID NOT PASS FILTER
[2026-04-30 17:26:14] DRIVER 13 PASSED FILTER, distance=3.887km
[2026-04-30 17:26:14] WARNING: DRIVER 17 DID NOT PASS FILTER
[2026-04-30 17:26:14] TOTAL DRIVERS RETURNED: 1
[2026-04-30 17:26:14] TAXI TOTAL SENT: 0
[2026-04-30 17:26:14] TAXI DISPATCH START ride=176 limit=2
[2026-04-30 17:26:14] FIND NEAREST DRIVERS: lat=42.874978, lon=74.624138, limit=6, radius=5km
[2026-04-30 17:26:14] REDIS RESULTS: [(29, 3.8826), (13, 3.887), (17, 3.8916), (8, 3.8927), (16, 3.8931), (3, 3.8939)]
[2026-04-30 17:26:14] DRIVERS AFTER FILTER: [13, 8]
[2026-04-30 17:26:14] WARNING: DRIVER 29 DID NOT PASS FILTER
[2026-04-30 17:26:14] DRIVER 13 PASSED FILTER, distance=3.887km
[2026-04-30 17:26:14] WARNING: DRIVER 17 DID NOT PASS FILTER
[2026-04-30 17:26:14] DRIVER 8 PASSED FILTER, distance=3.8927km
[2026-04-30 17:26:14] WARNING: DRIVER 16 DID NOT PASS FILTER
[2026-04-30 17:26:14] WARNING: DRIVER 3 DID NOT PASS FILTER
[2026-04-30 17:26:14] TOTAL DRIVERS RETURNED: 2
[2026-04-30 17:26:14] TAXI TOTAL SENT: 0
[2026-04-30 17:26:14] TAXI DISPATCH START ride=176 limit=2
[2026-04-30 17:26:14] FIND NEAREST DRIVERS: lat=42.874978, lon=74.624138, limit=6, radius=5km
[2026-04-30 17:26:14] REDIS RESULTS: [(29, 3.8826), (13, 3.887), (17, 3.8916), (8, 3.8927), (16, 3.8931), (3, 3.8939)]
[2026-04-30 17:26:14] DRIVERS AFTER FILTER: [13, 8]
[2026-04-30 17:26:14] WARNING: DRIVER 29 DID NOT PASS FILTER
[2026-04-30 17:26:14] DRIVER 13 PASSED FILTER, distance=3.887km
[2026-04-30 17:26:14] WARNING: DRIVER 17 DID NOT PASS FILTER
[2026-04-30 17:26:14] DRIVER 8 PASSED FILTER, distance=3.8927km
[2026-04-30 17:26:14] WARNING: DRIVER 16 DID NOT PASS FILTER
[2026-04-30 17:26:14] WARNING: DRIVER 3 DID NOT PASS FILTER
[2026-04-30 17:26:14] TOTAL DRIVERS RETURNED: 2
[2026-04-30 17:26:14] TAXI TOTAL SENT: 0
[2026-04-30 17:26:14] TAXI DISPATCH START ride=176 limit=3
[2026-04-30 17:26:14] FIND NEAREST DRIVERS: lat=42.874978, lon=74.624138, limit=9, radius=5km
[2026-04-30 17:26:14] REDIS RESULTS: [(29, 3.8826), (13, 3.887), (17, 3.8916), (8, 3.8927), (16, 3.8931), (3, 3.8939), (33, 3.8958), (21, 3.8966), (27, 3.8992)]
[2026-04-30 17:26:14] DRIVERS AFTER FILTER: [33, 13, 8, 27]
[2026-04-30 17:26:14] WARNING: DRIVER 29 DID NOT PASS FILTER
[2026-04-30 17:26:14] DRIVER 13 PASSED FILTER, distance=3.887km
[2026-04-30 17:26:14] WARNING: DRIVER 17 DID NOT PASS FILTER
[2026-04-30 17:26:14] DRIVER 8 PASSED FILTER, distance=3.8927km
[2026-04-30 17:26:14] WARNING: DRIVER 16 DID NOT PASS FILTER
[2026-04-30 17:26:14] WARNING: DRIVER 3 DID NOT PASS FILTER
[2026-04-30 17:26:14] DRIVER 33 PASSED FILTER, distance=3.8958km
[2026-04-30 17:26:14] WARNING: DRIVER 21 DID NOT PASS FILTER
[2026-04-30 17:26:14] DRIVER 27 PASSED FILTER, distance=3.8992km
[2026-04-30 17:26:14] TOTAL DRIVERS RETURNED: 4
[2026-04-30 17:26:14] TAXI TOTAL SENT: 0
[2026-04-30 17:26:14] TAXI DISPATCH START ride=176 limit=3
[2026-04-30 17:26:14] FIND NEAREST DRIVERS: lat=42.874978, lon=74.624138, limit=9, radius=5km
[2026-04-30 17:26:14] REDIS RESULTS: [(29, 3.8826), (13, 3.887), (17, 3.8916), (8, 3.8927), (16, 3.8931), (3, 3.8939), (33, 3.8958), (21, 3.8966), (27, 3.8992)]
[2026-04-30 17:26:14] DRIVERS AFTER FILTER: [33, 13, 8, 27]
[2026-04-30 17:26:14] WARNING: DRIVER 29 DID NOT PASS FILTER
[2026-04-30 17:26:14] DRIVER 13 PASSED FILTER, distance=3.887km
[2026-04-30 17:26:14] WARNING: DRIVER 17 DID NOT PASS FILTER
[2026-04-30 17:26:14] DRIVER 8 PASSED FILTER, distance=3.8927km
[2026-04-30 17:26:14] WARNING: DRIVER 16 DID NOT PASS FILTER
[2026-04-30 17:26:14] WARNING: DRIVER 3 DID NOT PASS FILTER
[2026-04-30 17:26:14] DRIVER 33 PASSED FILTER, distance=3.8958km
[2026-04-30 17:26:14] WARNING: DRIVER 21 DID NOT PASS FILTER
[2026-04-30 17:26:14] DRIVER 27 PASSED FILTER, distance=3.8992km
[2026-04-30 17:26:14] TOTAL DRIVERS RETURNED: 4
[2026-04-30 17:26:14] TAXI TOTAL SENT: 0
[2026-04-30 17:27:02] TAXI DISPATCH START ride=177 limit=1
[2026-04-30 17:27:02] FIND NEAREST DRIVERS: lat=42.873591, lon=74.5764306, limit=3, radius=5km
[2026-04-30 17:27:02] REDIS RESULTS: [(3, 0.0021), (16, 0.0024), (21, 0.0055)]
[2026-04-30 17:27:02] DRIVERS AFTER FILTER: []
[2026-04-30 17:27:02] WARNING: DRIVER 3 DID NOT PASS FILTER
[2026-04-30 17:27:02] WARNING: DRIVER 16 DID NOT PASS FILTER
[2026-04-30 17:27:02] WARNING: DRIVER 21 DID NOT PASS FILTER
[2026-04-30 17:27:02] TOTAL DRIVERS RETURNED: 0
[2026-04-30 17:27:02] TAXI TOTAL SENT: 0
[2026-04-30 17:27:02] TAXI DISPATCH START ride=177 limit=2
[2026-04-30 17:27:02] FIND NEAREST DRIVERS: lat=42.873591, lon=74.5764306, limit=6, radius=5km
[2026-04-30 17:27:02] REDIS RESULTS: [(3, 0.0021), (16, 0.0024), (21, 0.0055), (13, 0.0057), (33, 0.006), (12, 0.0078)]
[2026-04-30 17:27:02] DRIVERS AFTER FILTER: [33, 13, 12]
[2026-04-30 17:27:02] WARNING: DRIVER 3 DID NOT PASS FILTER
[2026-04-30 17:27:02] WARNING: DRIVER 16 DID NOT PASS FILTER
[2026-04-30 17:27:02] WARNING: DRIVER 21 DID NOT PASS FILTER
[2026-04-30 17:27:02] DRIVER 13 PASSED FILTER, distance=0.0057km
[2026-04-30 17:27:02] DRIVER 33 PASSED FILTER, distance=0.006km
[2026-04-30 17:27:02] DRIVER 12 PASSED FILTER, distance=0.0078km
[2026-04-30 17:27:02] TOTAL DRIVERS RETURNED: 3
[2026-04-30 17:27:02] TAXI TOTAL SENT: 2
[2026-04-30 17:27:14] TAXI DISPATCH START ride=177 limit=3
[2026-04-30 17:27:14] FIND NEAREST DRIVERS: lat=42.873591, lon=74.5764306, limit=9, radius=5km
[2026-04-30 17:27:14] REDIS RESULTS: [(3, 0.0021), (16, 0.0024), (21, 0.0055), (13, 0.0057), (33, 0.006), (12, 0.0078), (17, 0.0083), (8, 0.0085), (29, 0.0094)]
[2026-04-30 17:27:14] DRIVERS AFTER FILTER: [33, 13, 8, 12]
[2026-04-30 17:27:14] WARNING: DRIVER 3 DID NOT PASS FILTER
[2026-04-30 17:27:14] WARNING: DRIVER 16 DID NOT PASS FILTER
[2026-04-30 17:27:14] WARNING: DRIVER 21 DID NOT PASS FILTER
[2026-04-30 17:27:14] DRIVER 13 PASSED FILTER, distance=0.0057km
[2026-04-30 17:27:14] DRIVER 33 PASSED FILTER, distance=0.006km
[2026-04-30 17:27:14] DRIVER 12 PASSED FILTER, distance=0.0078km
[2026-04-30 17:27:14] WARNING: DRIVER 17 DID NOT PASS FILTER
[2026-04-30 17:27:14] DRIVER 8 PASSED FILTER, distance=0.0085km
[2026-04-30 17:27:14] WARNING: DRIVER 29 DID NOT PASS FILTER
[2026-04-30 17:27:14] TOTAL DRIVERS RETURNED: 4
[2026-04-30 17:27:14] TAXI TOTAL SENT: 2
[2026-04-30 17:27:29] TAXI DISPATCH START ride=177 limit=1
[2026-04-30 17:27:29] FIND NEAREST DRIVERS: lat=42.873591, lon=74.5764306, limit=3, radius=5km
[2026-04-30 17:27:29] REDIS RESULTS: [(3, 0.0021), (16, 0.0024), (21, 0.0055)]
[2026-04-30 17:27:29] DRIVERS AFTER FILTER: []
[2026-04-30 17:27:29] WARNING: DRIVER 3 DID NOT PASS FILTER
[2026-04-30 17:27:29] WARNING: DRIVER 16 DID NOT PASS FILTER
[2026-04-30 17:27:29] WARNING: DRIVER 21 DID NOT PASS FILTER
[2026-04-30 17:27:29] TOTAL DRIVERS RETURNED: 0
[2026-04-30 17:27:29] TAXI TOTAL SENT: 0
[2026-04-30 17:27:29] TAXI DISPATCH START ride=177 limit=1
[2026-04-30 17:27:29] FIND NEAREST DRIVERS: lat=42.873591, lon=74.5764306, limit=3, radius=5km
[2026-04-30 17:27:29] REDIS RESULTS: [(3, 0.0021), (16, 0.0024), (21, 0.0055)]
[2026-04-30 17:27:29] DRIVERS AFTER FILTER: []
[2026-04-30 17:27:29] WARNING: DRIVER 3 DID NOT PASS FILTER
[2026-04-30 17:27:29] WARNING: DRIVER 16 DID NOT PASS FILTER
[2026-04-30 17:27:29] WARNING: DRIVER 21 DID NOT PASS FILTER
[2026-04-30 17:27:29] TOTAL DRIVERS RETURNED: 0
[2026-04-30 17:27:29] TAXI TOTAL SENT: 0
[2026-04-30 17:27:29] TAXI DISPATCH START ride=177 limit=2
[2026-04-30 17:27:29] FIND NEAREST DRIVERS: lat=42.873591, lon=74.5764306, limit=6, radius=5km
[2026-04-30 17:27:29] REDIS RESULTS: [(3, 0.0021), (16, 0.0024), (21, 0.0055), (13, 0.0057), (33, 0.006), (12, 0.0078)]
[2026-04-30 17:27:29] DRIVERS AFTER FILTER: [33, 13, 12]
[2026-04-30 17:27:29] WARNING: DRIVER 3 DID NOT PASS FILTER
[2026-04-30 17:27:29] WARNING: DRIVER 16 DID NOT PASS FILTER
[2026-04-30 17:27:29] WARNING: DRIVER 21 DID NOT PASS FILTER
[2026-04-30 17:27:29] DRIVER 13 PASSED FILTER, distance=0.0057km
[2026-04-30 17:27:29] DRIVER 33 PASSED FILTER, distance=0.006km
[2026-04-30 17:27:29] DRIVER 12 PASSED FILTER, distance=0.0078km
[2026-04-30 17:27:29] TOTAL DRIVERS RETURNED: 3
[2026-04-30 17:27:29] TAXI TOTAL SENT: 0
[2026-04-30 17:27:29] TAXI DISPATCH START ride=177 limit=2
[2026-04-30 17:27:29] FIND NEAREST DRIVERS: lat=42.873591, lon=74.5764306, limit=6, radius=5km
[2026-04-30 17:27:29] REDIS RESULTS: [(3, 0.0021), (16, 0.0024), (21, 0.0055), (13, 0.0057), (33, 0.006), (12, 0.0078)]
[2026-04-30 17:27:29] DRIVERS AFTER FILTER: [33, 13, 12]
[2026-04-30 17:27:29] WARNING: DRIVER 3 DID NOT PASS FILTER
[2026-04-30 17:27:29] WARNING: DRIVER 16 DID NOT PASS FILTER
[2026-04-30 17:27:29] WARNING: DRIVER 21 DID NOT PASS FILTER
[2026-04-30 17:27:29] DRIVER 13 PASSED FILTER, distance=0.0057km
[2026-04-30 17:27:29] DRIVER 33 PASSED FILTER, distance=0.006km
[2026-04-30 17:27:29] DRIVER 12 PASSED FILTER, distance=0.0078km
[2026-04-30 17:27:29] TOTAL DRIVERS RETURNED: 3
[2026-04-30 17:27:29] TAXI TOTAL SENT: 0
[2026-04-30 17:27:29] TAXI DISPATCH START ride=177 limit=3
[2026-04-30 17:27:29] FIND NEAREST DRIVERS: lat=42.873591, lon=74.5764306, limit=9, radius=5km
[2026-04-30 17:27:29] REDIS RESULTS: [(3, 0.0021), (16, 0.0024), (21, 0.0055), (13, 0.0057), (33, 0.006), (12, 0.0078), (17, 0.0083), (8, 0.0085), (29, 0.0094)]
[2026-04-30 17:27:29] DRIVERS AFTER FILTER: [33, 13, 8, 12]
[2026-04-30 17:27:29] WARNING: DRIVER 3 DID NOT PASS FILTER
[2026-04-30 17:27:29] WARNING: DRIVER 16 DID NOT PASS FILTER
[2026-04-30 17:27:29] WARNING: DRIVER 21 DID NOT PASS FILTER
[2026-04-30 17:27:29] DRIVER 13 PASSED FILTER, distance=0.0057km
[2026-04-30 17:27:29] DRIVER 33 PASSED FILTER, distance=0.006km
[2026-04-30 17:27:29] DRIVER 12 PASSED FILTER, distance=0.0078km
[2026-04-30 17:27:29] WARNING: DRIVER 17 DID NOT PASS FILTER
[2026-04-30 17:27:29] DRIVER 8 PASSED FILTER, distance=0.0085km
[2026-04-30 17:27:29] WARNING: DRIVER 29 DID NOT PASS FILTER
[2026-04-30 17:27:29] TOTAL DRIVERS RETURNED: 4
[2026-04-30 17:27:29] TAXI TOTAL SENT: 0
[2026-04-30 17:27:29] TAXI DISPATCH START ride=177 limit=3
[2026-04-30 17:27:29] FIND NEAREST DRIVERS: lat=42.873591, lon=74.5764306, limit=9, radius=5km
[2026-04-30 17:27:29] REDIS RESULTS: [(3, 0.0021), (16, 0.0024), (21, 0.0055), (13, 0.0057), (33, 0.006), (12, 0.0078), (17, 0.0083), (8, 0.0085), (29, 0.0094)]
[2026-04-30 17:27:29] DRIVERS AFTER FILTER: [33, 13, 8, 12]
[2026-04-30 17:27:29] WARNING: DRIVER 3 DID NOT PASS FILTER
[2026-04-30 17:27:29] WARNING: DRIVER 16 DID NOT PASS FILTER
[2026-04-30 17:27:29] WARNING: DRIVER 21 DID NOT PASS FILTER
[2026-04-30 17:27:29] DRIVER 13 PASSED FILTER, distance=0.0057km
[2026-04-30 17:27:29] DRIVER 33 PASSED FILTER, distance=0.006km
[2026-04-30 17:27:29] DRIVER 12 PASSED FILTER, distance=0.0078km
[2026-04-30 17:27:29] WARNING: DRIVER 17 DID NOT PASS FILTER
[2026-04-30 17:27:29] DRIVER 8 PASSED FILTER, distance=0.0085km
[2026-04-30 17:27:29] WARNING: DRIVER 29 DID NOT PASS FILTER
[2026-04-30 17:27:29] TOTAL DRIVERS RETURNED: 4
[2026-04-30 17:27:29] TAXI TOTAL SENT: 0
[2026-04-30 17:28:37] WS DISCONNECTED: user_72, code=1006
[2026-04-30 17:42:57] DISPATCH START delivery=16475 limit=1
[2026-04-30 17:42:57] FIND NEAREST COURIERS: lat=0.0, lon=0.0, limit=3, radius=5km
[2026-04-30 17:42:57] REDIS RESULTS: []
[2026-04-30 17:42:57] WARNING: NO COURIERS FOUND IN REDIS
[2026-04-30 17:42:57] NEAREST FOUND: []
[2026-04-30 17:42:57] TOTAL SENT: 0
[2026-04-30 17:42:57] DISPATCH START delivery=16475 limit=3
[2026-04-30 17:42:57] FIND NEAREST COURIERS: lat=0.0, lon=0.0, limit=9, radius=5km
[2026-04-30 17:42:57] REDIS RESULTS: []
[2026-04-30 17:42:57] WARNING: NO COURIERS FOUND IN REDIS
[2026-04-30 17:42:57] NEAREST FOUND: []
[2026-04-30 17:42:57] TOTAL SENT: 0
[2026-04-30 17:42:57] DISPATCH START delivery=16475 limit=5
[2026-04-30 17:42:57] FIND NEAREST COURIERS: lat=0.0, lon=0.0, limit=15, radius=5km
[2026-04-30 17:42:57] REDIS RESULTS: []
[2026-04-30 17:42:57] WARNING: NO COURIERS FOUND IN REDIS
[2026-04-30 17:42:57] NEAREST FOUND: []
[2026-04-30 17:42:57] TOTAL SENT: 0
[2026-04-30 17:44:46] WS CONNECTED: user=72 group=user_72
[2026-04-30 17:44:46] WS CONNECTED: user=72 group=user_72
[2026-04-30 17:45:36] WS DISCONNECTED: user_72, code=1006
[2026-04-30 17:45:36] WS DISCONNECTED: user_72, code=1006
[2026-04-30 17:46:00] WS CONNECTED: user=72 group=user_72
[2026-04-30 17:46:26] TAXI DISPATCH START ride=178 limit=1
[2026-04-30 17:46:26] FIND NEAREST DRIVERS: lat=42.8735513, lon=74.5763915, limit=3, radius=5km
[2026-04-30 17:46:26] REDIS RESULTS: [(33, 0.0007), (21, 0.0022), (16, 0.0031)]
[2026-04-30 17:46:26] DRIVERS AFTER FILTER: [33]
[2026-04-30 17:46:26] DRIVER 33 PASSED FILTER, distance=0.0007km
[2026-04-30 17:46:26] WARNING: DRIVER 21 DID NOT PASS FILTER
[2026-04-30 17:46:26] WARNING: DRIVER 16 DID NOT PASS FILTER
[2026-04-30 17:46:26] TOTAL DRIVERS RETURNED: 1
[2026-04-30 17:46:26] TAXI TOTAL SENT: 1
[2026-04-30 17:46:38] TAXI DISPATCH START ride=178 limit=2
[2026-04-30 17:46:38] FIND NEAREST DRIVERS: lat=42.8735513, lon=74.5763915, limit=6, radius=5km
[2026-04-30 17:46:38] REDIS RESULTS: [(33, 0.0007), (21, 0.0022), (16, 0.0031), (3, 0.0045), (17, 0.0053), (12, 0.006)]
[2026-04-30 17:46:38] DRIVERS AFTER FILTER: [33, 12]
[2026-04-30 17:46:38] DRIVER 33 PASSED FILTER, distance=0.0007km
[2026-04-30 17:46:38] WARNING: DRIVER 21 DID NOT PASS FILTER
[2026-04-30 17:46:38] WARNING: DRIVER 16 DID NOT PASS FILTER
[2026-04-30 17:46:38] WARNING: DRIVER 3 DID NOT PASS FILTER
[2026-04-30 17:46:38] WARNING: DRIVER 17 DID NOT PASS FILTER
[2026-04-30 17:46:38] DRIVER 12 PASSED FILTER, distance=0.006km
[2026-04-30 17:46:38] TOTAL DRIVERS RETURNED: 2
[2026-04-30 17:46:38] TAXI TOTAL SENT: 1
[2026-04-30 17:46:50] TAXI DISPATCH START ride=178 limit=3
[2026-04-30 17:46:50] FIND NEAREST DRIVERS: lat=42.8735513, lon=74.5763915, limit=9, radius=5km
[2026-04-30 17:46:50] REDIS RESULTS: [(33, 0.0007), (21, 0.0022), (16, 0.0031), (3, 0.0045), (17, 0.0053), (12, 0.006), (13, 0.0082), (27, 0.0091), (29, 0.0129)]
[2026-04-30 17:46:50] DRIVERS AFTER FILTER: [33, 13, 12, 27]
[2026-04-30 17:46:50] DRIVER 33 PASSED FILTER, distance=0.0007km
[2026-04-30 17:46:50] WARNING: DRIVER 21 DID NOT PASS FILTER
[2026-04-30 17:46:50] WARNING: DRIVER 16 DID NOT PASS FILTER
[2026-04-30 17:46:50] WARNING: DRIVER 3 DID NOT PASS FILTER
[2026-04-30 17:46:50] WARNING: DRIVER 17 DID NOT PASS FILTER
[2026-04-30 17:46:50] DRIVER 12 PASSED FILTER, distance=0.006km
[2026-04-30 17:46:50] DRIVER 13 PASSED FILTER, distance=0.0082km
[2026-04-30 17:46:50] DRIVER 27 PASSED FILTER, distance=0.0091km
[2026-04-30 17:46:50] WARNING: DRIVER 29 DID NOT PASS FILTER
[2026-04-30 17:46:50] TOTAL DRIVERS RETURNED: 4
[2026-04-30 17:46:50] TAXI TOTAL SENT: 2
[2026-04-30 17:47:05] TAXI DISPATCH START ride=178 limit=1
[2026-04-30 17:47:05] FIND NEAREST DRIVERS: lat=42.8735513, lon=74.5763915, limit=3, radius=5km
[2026-04-30 17:47:05] REDIS RESULTS: [(33, 0.0007), (21, 0.0022), (16, 0.0031)]
[2026-04-30 17:47:05] DRIVERS AFTER FILTER: [33]
[2026-04-30 17:47:05] DRIVER 33 PASSED FILTER, distance=0.0007km
[2026-04-30 17:47:05] WARNING: DRIVER 21 DID NOT PASS FILTER
[2026-04-30 17:47:05] WARNING: DRIVER 16 DID NOT PASS FILTER
[2026-04-30 17:47:05] TOTAL DRIVERS RETURNED: 1
[2026-04-30 17:47:05] TAXI TOTAL SENT: 0
[2026-04-30 17:47:05] TAXI DISPATCH START ride=178 limit=1
[2026-04-30 17:47:05] FIND NEAREST DRIVERS: lat=42.8735513, lon=74.5763915, limit=3, radius=5km
[2026-04-30 17:47:05] REDIS RESULTS: [(33, 0.0007), (21, 0.0022), (16, 0.0031)]
[2026-04-30 17:47:05] DRIVERS AFTER FILTER: [33]
[2026-04-30 17:47:05] DRIVER 33 PASSED FILTER, distance=0.0007km
[2026-04-30 17:47:05] WARNING: DRIVER 21 DID NOT PASS FILTER
[2026-04-30 17:47:05] WARNING: DRIVER 16 DID NOT PASS FILTER
[2026-04-30 17:47:05] TOTAL DRIVERS RETURNED: 1
[2026-04-30 17:47:05] TAXI TOTAL SENT: 0
[2026-04-30 17:47:05] TAXI DISPATCH START ride=178 limit=2
[2026-04-30 17:47:05] FIND NEAREST DRIVERS: lat=42.8735513, lon=74.5763915, limit=6, radius=5km
[2026-04-30 17:47:05] REDIS RESULTS: [(33, 0.0007), (21, 0.0022), (16, 0.0031), (3, 0.0045), (17, 0.0053), (12, 0.006)]
[2026-04-30 17:47:05] DRIVERS AFTER FILTER: [33, 12]
[2026-04-30 17:47:05] DRIVER 33 PASSED FILTER, distance=0.0007km
[2026-04-30 17:47:05] WARNING: DRIVER 21 DID NOT PASS FILTER
[2026-04-30 17:47:05] WARNING: DRIVER 16 DID NOT PASS FILTER
[2026-04-30 17:47:05] WARNING: DRIVER 3 DID NOT PASS FILTER
[2026-04-30 17:47:05] WARNING: DRIVER 17 DID NOT PASS FILTER
[2026-04-30 17:47:05] DRIVER 12 PASSED FILTER, distance=0.006km
[2026-04-30 17:47:05] TOTAL DRIVERS RETURNED: 2
[2026-04-30 17:47:05] TAXI TOTAL SENT: 0
[2026-04-30 17:47:05] TAXI DISPATCH START ride=178 limit=2
[2026-04-30 17:47:05] FIND NEAREST DRIVERS: lat=42.8735513, lon=74.5763915, limit=6, radius=5km
[2026-04-30 17:47:05] REDIS RESULTS: [(33, 0.0007), (21, 0.0022), (16, 0.0031), (3, 0.0045), (17, 0.0053), (12, 0.006)]
[2026-04-30 17:47:05] DRIVERS AFTER FILTER: [33, 12]
[2026-04-30 17:47:05] DRIVER 33 PASSED FILTER, distance=0.0007km
[2026-04-30 17:47:05] WARNING: DRIVER 21 DID NOT PASS FILTER
[2026-04-30 17:47:05] WARNING: DRIVER 16 DID NOT PASS FILTER
[2026-04-30 17:47:05] WARNING: DRIVER 3 DID NOT PASS FILTER
[2026-04-30 17:47:05] WARNING: DRIVER 17 DID NOT PASS FILTER
[2026-04-30 17:47:05] DRIVER 12 PASSED FILTER, distance=0.006km
[2026-04-30 17:47:05] TOTAL DRIVERS RETURNED: 2
[2026-04-30 17:47:05] TAXI TOTAL SENT: 0
[2026-04-30 17:47:05] TAXI DISPATCH START ride=178 limit=3
[2026-04-30 17:47:05] FIND NEAREST DRIVERS: lat=42.8735513, lon=74.5763915, limit=9, radius=5km
[2026-04-30 17:47:05] REDIS RESULTS: [(33, 0.0007), (21, 0.0022), (16, 0.0031), (3, 0.0045), (17, 0.0053), (12, 0.006), (13, 0.0082), (27, 0.0091), (29, 0.0129)]
[2026-04-30 17:47:05] DRIVERS AFTER FILTER: [33, 13, 12, 27]
[2026-04-30 17:47:05] DRIVER 33 PASSED FILTER, distance=0.0007km
[2026-04-30 17:47:05] WARNING: DRIVER 21 DID NOT PASS FILTER
[2026-04-30 17:47:05] WARNING: DRIVER 16 DID NOT PASS FILTER
[2026-04-30 17:47:05] WARNING: DRIVER 3 DID NOT PASS FILTER
[2026-04-30 17:47:05] WARNING: DRIVER 17 DID NOT PASS FILTER
[2026-04-30 17:47:05] DRIVER 12 PASSED FILTER, distance=0.006km
[2026-04-30 17:47:05] DRIVER 13 PASSED FILTER, distance=0.0082km
[2026-04-30 17:47:05] DRIVER 27 PASSED FILTER, distance=0.0091km
[2026-04-30 17:47:05] WARNING: DRIVER 29 DID NOT PASS FILTER
[2026-04-30 17:47:05] TOTAL DRIVERS RETURNED: 4
[2026-04-30 17:47:05] TAXI TOTAL SENT: 0
[2026-04-30 17:47:05] TAXI DISPATCH START ride=178 limit=3
[2026-04-30 17:47:05] FIND NEAREST DRIVERS: lat=42.8735513, lon=74.5763915, limit=9, radius=5km
[2026-04-30 17:47:05] REDIS RESULTS: [(33, 0.0007), (21, 0.0022), (16, 0.0031), (3, 0.0045), (17, 0.0053), (12, 0.006), (13, 0.0082), (27, 0.0091), (29, 0.0129)]
[2026-04-30 17:47:05] DRIVERS AFTER FILTER: [33, 13, 12, 27]
[2026-04-30 17:47:05] DRIVER 33 PASSED FILTER, distance=0.0007km
[2026-04-30 17:47:05] WARNING: DRIVER 21 DID NOT PASS FILTER
[2026-04-30 17:47:05] WARNING: DRIVER 16 DID NOT PASS FILTER
[2026-04-30 17:47:05] WARNING: DRIVER 3 DID NOT PASS FILTER
[2026-04-30 17:47:05] WARNING: DRIVER 17 DID NOT PASS FILTER
[2026-04-30 17:47:05] DRIVER 12 PASSED FILTER, distance=0.006km
[2026-04-30 17:47:05] DRIVER 13 PASSED FILTER, distance=0.0082km
[2026-04-30 17:47:05] DRIVER 27 PASSED FILTER, distance=0.0091km
[2026-04-30 17:47:05] WARNING: DRIVER 29 DID NOT PASS FILTER
[2026-04-30 17:47:05] TOTAL DRIVERS RETURNED: 4
[2026-04-30 17:47:05] TAXI TOTAL SENT: 0
[2026-04-30 17:53:09] WS DISCONNECTED: user_72, code=1000
[2026-04-30 17:54:30] TAXI DISPATCH START ride=179 limit=1
[2026-04-30 17:54:30] FIND NEAREST DRIVERS: lat=42.8735609, lon=74.576451, limit=3, radius=5km
[2026-04-30 17:54:30] REDIS RESULTS: [(16, 0.0032), (13, 0.0033), (3, 0.005)]
[2026-04-30 17:54:30] DRIVERS AFTER FILTER: [13]
[2026-04-30 17:54:30] WARNING: DRIVER 16 DID NOT PASS FILTER
[2026-04-30 17:54:30] DRIVER 13 PASSED FILTER, distance=0.0033km
[2026-04-30 17:54:30] WARNING: DRIVER 3 DID NOT PASS FILTER
[2026-04-30 17:54:30] TOTAL DRIVERS RETURNED: 1
[2026-04-30 17:54:30] TAXI TOTAL SENT: 1
[2026-04-30 17:54:41] WS CONNECTED: user=16 group=user_16
[2026-04-30 17:54:41] WS CONNECTED: user=16 group=user_16
[2026-04-30 17:54:42] TAXI DISPATCH START ride=179 limit=2
[2026-04-30 17:54:42] FIND NEAREST DRIVERS: lat=42.8735609, lon=74.576451, limit=6, radius=5km
[2026-04-30 17:54:42] REDIS RESULTS: [(13, 0.0033), (3, 0.005), (17, 0.005), (33, 0.0056), (21, 0.0064), (29, 0.0079)]
[2026-04-30 17:54:42] DRIVERS AFTER FILTER: [33, 13]
[2026-04-30 17:54:42] DRIVER 13 PASSED FILTER, distance=0.0033km
[2026-04-30 17:54:42] WARNING: DRIVER 3 DID NOT PASS FILTER
[2026-04-30 17:54:42] WARNING: DRIVER 17 DID NOT PASS FILTER
[2026-04-30 17:54:42] DRIVER 33 PASSED FILTER, distance=0.0056km
[2026-04-30 17:54:42] WARNING: DRIVER 21 DID NOT PASS FILTER
[2026-04-30 17:54:42] WARNING: DRIVER 29 DID NOT PASS FILTER
[2026-04-30 17:54:42] TOTAL DRIVERS RETURNED: 2
[2026-04-30 17:54:42] TAXI TOTAL SENT: 1
[2026-04-30 17:54:54] TAXI DISPATCH START ride=179 limit=3
[2026-04-30 17:54:54] FIND NEAREST DRIVERS: lat=42.8735609, lon=74.576451, limit=9, radius=5km
[2026-04-30 17:54:54] REDIS RESULTS: [(13, 0.0033), (3, 0.005), (17, 0.005), (33, 0.0056), (21, 0.0064), (29, 0.0079), (12, 0.0098), (8, 0.0121), (27, 0.0127)]
[2026-04-30 17:54:54] DRIVERS AFTER FILTER: [33, 13, 8, 12, 27]
[2026-04-30 17:54:54] DRIVER 13 PASSED FILTER, distance=0.0033km
[2026-04-30 17:54:54] WARNING: DRIVER 3 DID NOT PASS FILTER
[2026-04-30 17:54:54] WARNING: DRIVER 17 DID NOT PASS FILTER
[2026-04-30 17:54:54] DRIVER 33 PASSED FILTER, distance=0.0056km
[2026-04-30 17:54:54] WARNING: DRIVER 21 DID NOT PASS FILTER
[2026-04-30 17:54:54] WARNING: DRIVER 29 DID NOT PASS FILTER
[2026-04-30 17:54:54] DRIVER 12 PASSED FILTER, distance=0.0098km
[2026-04-30 17:54:54] DRIVER 8 PASSED FILTER, distance=0.0121km
[2026-04-30 17:54:54] DRIVER 27 PASSED FILTER, distance=0.0127km
[2026-04-30 17:54:54] TOTAL DRIVERS RETURNED: 5
[2026-04-30 17:54:54] TAXI TOTAL SENT: 3
[2026-04-30 17:55:09] TAXI DISPATCH START ride=179 limit=1
[2026-04-30 17:55:09] FIND NEAREST DRIVERS: lat=42.8735609, lon=74.576451, limit=3, radius=5km
[2026-04-30 17:55:09] REDIS RESULTS: [(13, 0.0033), (3, 0.005), (17, 0.005)]
[2026-04-30 17:55:09] DRIVERS AFTER FILTER: [13]
[2026-04-30 17:55:09] DRIVER 13 PASSED FILTER, distance=0.0033km
[2026-04-30 17:55:09] WARNING: DRIVER 3 DID NOT PASS FILTER
[2026-04-30 17:55:09] WARNING: DRIVER 17 DID NOT PASS FILTER
[2026-04-30 17:55:09] TOTAL DRIVERS RETURNED: 1
[2026-04-30 17:55:09] TAXI TOTAL SENT: 0
[2026-04-30 17:55:09] TAXI DISPATCH START ride=179 limit=1
[2026-04-30 17:55:09] FIND NEAREST DRIVERS: lat=42.8735609, lon=74.576451, limit=3, radius=5km
[2026-04-30 17:55:09] REDIS RESULTS: [(13, 0.0033), (3, 0.005), (17, 0.005)]
[2026-04-30 17:55:09] DRIVERS AFTER FILTER: [13]
[2026-04-30 17:55:09] DRIVER 13 PASSED FILTER, distance=0.0033km
[2026-04-30 17:55:09] WARNING: DRIVER 3 DID NOT PASS FILTER
[2026-04-30 17:55:09] WARNING: DRIVER 17 DID NOT PASS FILTER
[2026-04-30 17:55:09] TOTAL DRIVERS RETURNED: 1
[2026-04-30 17:55:09] TAXI TOTAL SENT: 0
[2026-04-30 17:55:09] TAXI DISPATCH START ride=179 limit=1
[2026-04-30 17:55:09] FIND NEAREST DRIVERS: lat=42.8735609, lon=74.576451, limit=3, radius=5km
[2026-04-30 17:55:09] REDIS RESULTS: [(13, 0.0033), (3, 0.005), (17, 0.005)]
[2026-04-30 17:55:09] DRIVERS AFTER FILTER: [13]
[2026-04-30 17:55:09] DRIVER 13 PASSED FILTER, distance=0.0033km
[2026-04-30 17:55:09] WARNING: DRIVER 3 DID NOT PASS FILTER
[2026-04-30 17:55:09] WARNING: DRIVER 17 DID NOT PASS FILTER
[2026-04-30 17:55:09] TOTAL DRIVERS RETURNED: 1
[2026-04-30 17:55:09] TAXI TOTAL SENT: 0
[2026-04-30 17:55:09] TAXI DISPATCH START ride=179 limit=2
[2026-04-30 17:55:09] FIND NEAREST DRIVERS: lat=42.8735609, lon=74.576451, limit=6, radius=5km
[2026-04-30 17:55:09] REDIS RESULTS: [(13, 0.0033), (3, 0.005), (17, 0.005), (33, 0.0056), (21, 0.0064), (29, 0.0079)]
[2026-04-30 17:55:09] DRIVERS AFTER FILTER: [33, 13]
[2026-04-30 17:55:09] DRIVER 13 PASSED FILTER, distance=0.0033km
[2026-04-30 17:55:09] WARNING: DRIVER 3 DID NOT PASS FILTER
[2026-04-30 17:55:09] WARNING: DRIVER 17 DID NOT PASS FILTER
[2026-04-30 17:55:09] DRIVER 33 PASSED FILTER, distance=0.0056km
[2026-04-30 17:55:09] WARNING: DRIVER 21 DID NOT PASS FILTER
[2026-04-30 17:55:09] WARNING: DRIVER 29 DID NOT PASS FILTER
[2026-04-30 17:55:09] TOTAL DRIVERS RETURNED: 2
[2026-04-30 17:55:09] TAXI TOTAL SENT: 0
[2026-04-30 17:55:09] TAXI DISPATCH START ride=179 limit=2
[2026-04-30 17:55:09] FIND NEAREST DRIVERS: lat=42.8735609, lon=74.576451, limit=6, radius=5km
[2026-04-30 17:55:09] REDIS RESULTS: [(13, 0.0033), (3, 0.005), (17, 0.005), (33, 0.0056), (21, 0.0064), (29, 0.0079)]
[2026-04-30 17:55:09] DRIVERS AFTER FILTER: [33, 13]
[2026-04-30 17:55:09] DRIVER 13 PASSED FILTER, distance=0.0033km
[2026-04-30 17:55:09] WARNING: DRIVER 3 DID NOT PASS FILTER
[2026-04-30 17:55:09] WARNING: DRIVER 17 DID NOT PASS FILTER
[2026-04-30 17:55:09] DRIVER 33 PASSED FILTER, distance=0.0056km
[2026-04-30 17:55:09] WARNING: DRIVER 21 DID NOT PASS FILTER
[2026-04-30 17:55:09] WARNING: DRIVER 29 DID NOT PASS FILTER
[2026-04-30 17:55:09] TOTAL DRIVERS RETURNED: 2
[2026-04-30 17:55:09] TAXI TOTAL SENT: 0
[2026-04-30 17:55:09] TAXI DISPATCH START ride=179 limit=2
[2026-04-30 17:55:09] FIND NEAREST DRIVERS: lat=42.8735609, lon=74.576451, limit=6, radius=5km
[2026-04-30 17:55:09] REDIS RESULTS: [(13, 0.0033), (3, 0.005), (17, 0.005), (33, 0.0056), (21, 0.0064), (29, 0.0079)]
[2026-04-30 17:55:09] DRIVERS AFTER FILTER: [33, 13]
[2026-04-30 17:55:09] DRIVER 13 PASSED FILTER, distance=0.0033km
[2026-04-30 17:55:09] WARNING: DRIVER 3 DID NOT PASS FILTER
[2026-04-30 17:55:09] WARNING: DRIVER 17 DID NOT PASS FILTER
[2026-04-30 17:55:09] DRIVER 33 PASSED FILTER, distance=0.0056km
[2026-04-30 17:55:09] WARNING: DRIVER 21 DID NOT PASS FILTER
[2026-04-30 17:55:09] WARNING: DRIVER 29 DID NOT PASS FILTER
[2026-04-30 17:55:09] TOTAL DRIVERS RETURNED: 2
[2026-04-30 17:55:09] TAXI TOTAL SENT: 0
[2026-04-30 17:55:09] TAXI DISPATCH START ride=179 limit=3
[2026-04-30 17:55:09] FIND NEAREST DRIVERS: lat=42.8735609, lon=74.576451, limit=9, radius=5km
[2026-04-30 17:55:09] REDIS RESULTS: [(13, 0.0033), (3, 0.005), (17, 0.005), (33, 0.0056), (21, 0.0064), (29, 0.0079), (12, 0.0098), (8, 0.0121), (27, 0.0127)]
[2026-04-30 17:55:09] DRIVERS AFTER FILTER: [33, 13, 8, 12, 27]
[2026-04-30 17:55:09] DRIVER 13 PASSED FILTER, distance=0.0033km
[2026-04-30 17:55:09] WARNING: DRIVER 3 DID NOT PASS FILTER
[2026-04-30 17:55:09] WARNING: DRIVER 17 DID NOT PASS FILTER
[2026-04-30 17:55:09] DRIVER 33 PASSED FILTER, distance=0.0056km
[2026-04-30 17:55:09] WARNING: DRIVER 21 DID NOT PASS FILTER
[2026-04-30 17:55:09] WARNING: DRIVER 29 DID NOT PASS FILTER
[2026-04-30 17:55:09] DRIVER 12 PASSED FILTER, distance=0.0098km
[2026-04-30 17:55:09] DRIVER 8 PASSED FILTER, distance=0.0121km
[2026-04-30 17:55:09] DRIVER 27 PASSED FILTER, distance=0.0127km
[2026-04-30 17:55:09] TOTAL DRIVERS RETURNED: 5
[2026-04-30 17:55:09] TAXI TOTAL SENT: 0
[2026-04-30 17:55:09] TAXI DISPATCH START ride=179 limit=3
[2026-04-30 17:55:09] FIND NEAREST DRIVERS: lat=42.8735609, lon=74.576451, limit=9, radius=5km
[2026-04-30 17:55:09] REDIS RESULTS: [(13, 0.0033), (3, 0.005), (17, 0.005), (33, 0.0056), (21, 0.0064), (29, 0.0079), (12, 0.0098), (8, 0.0121), (27, 0.0127)]
[2026-04-30 17:55:09] DRIVERS AFTER FILTER: [33, 13, 8, 12, 27]
[2026-04-30 17:55:09] DRIVER 13 PASSED FILTER, distance=0.0033km
[2026-04-30 17:55:09] WARNING: DRIVER 3 DID NOT PASS FILTER
[2026-04-30 17:55:09] WARNING: DRIVER 17 DID NOT PASS FILTER
[2026-04-30 17:55:09] DRIVER 33 PASSED FILTER, distance=0.0056km
[2026-04-30 17:55:09] WARNING: DRIVER 21 DID NOT PASS FILTER
[2026-04-30 17:55:09] WARNING: DRIVER 29 DID NOT PASS FILTER
[2026-04-30 17:55:09] DRIVER 12 PASSED FILTER, distance=0.0098km
[2026-04-30 17:55:09] DRIVER 8 PASSED FILTER, distance=0.0121km
[2026-04-30 17:55:09] DRIVER 27 PASSED FILTER, distance=0.0127km
[2026-04-30 17:55:09] TOTAL DRIVERS RETURNED: 5
[2026-04-30 17:55:09] TAXI TOTAL SENT: 0
[2026-04-30 17:55:09] TAXI DISPATCH START ride=179 limit=3
[2026-04-30 17:55:09] FIND NEAREST DRIVERS: lat=42.8735609, lon=74.576451, limit=9, radius=5km
[2026-04-30 17:55:09] REDIS RESULTS: [(13, 0.0033), (3, 0.005), (17, 0.005), (33, 0.0056), (21, 0.0064), (29, 0.0079), (12, 0.0098), (8, 0.0121), (27, 0.0127)]
[2026-04-30 17:55:09] DRIVERS AFTER FILTER: [33, 13, 8, 12, 27]
[2026-04-30 17:55:09] DRIVER 13 PASSED FILTER, distance=0.0033km
[2026-04-30 17:55:09] WARNING: DRIVER 3 DID NOT PASS FILTER
[2026-04-30 17:55:09] WARNING: DRIVER 17 DID NOT PASS FILTER
[2026-04-30 17:55:09] DRIVER 33 PASSED FILTER, distance=0.0056km
[2026-04-30 17:55:09] WARNING: DRIVER 21 DID NOT PASS FILTER
[2026-04-30 17:55:09] WARNING: DRIVER 29 DID NOT PASS FILTER
[2026-04-30 17:55:09] DRIVER 12 PASSED FILTER, distance=0.0098km
[2026-04-30 17:55:09] DRIVER 8 PASSED FILTER, distance=0.0121km
[2026-04-30 17:55:09] DRIVER 27 PASSED FILTER, distance=0.0127km
[2026-04-30 17:55:09] TOTAL DRIVERS RETURNED: 5
[2026-04-30 17:55:09] TAXI TOTAL SENT: 0
[2026-04-30 17:57:26] DISPATCH START delivery=16476 limit=1
[2026-04-30 17:57:26] FIND NEAREST COURIERS: lat=42.8755, lon=74.624066, limit=3, radius=5km
[2026-04-30 17:57:26] REDIS RESULTS: [(2, 3.8781)]
[2026-04-30 17:57:26] COURIERS AFTER FILTER: [2]
[2026-04-30 17:57:26] COURIER 2 PASSED FILTER, distance=3.8781km
[2026-04-30 17:57:26] TOTAL COURIERS RETURNED: 1
[2026-04-30 17:57:26] NEAREST FOUND: [(2, 3.8781)]
[2026-04-30 17:57:26] CHECK COURIER id=2 distance=3.8781
[2026-04-30 17:57:26] MATCH courier=2 zone_id=2 dropoff_lat=42.874978 dropoff_lon=74.624138 result=False
[2026-04-30 17:57:26] SKIP courier=2 (darkstore/zone mismatch delivery=16476)
[2026-04-30 17:57:26] TOTAL SENT: 0
[2026-04-30 17:57:26] DISPATCH START delivery=16476 limit=3
[2026-04-30 17:57:26] FIND NEAREST COURIERS: lat=42.8755, lon=74.624066, limit=9, radius=5km
[2026-04-30 17:57:26] REDIS RESULTS: [(2, 3.8781)]
[2026-04-30 17:57:26] COURIERS AFTER FILTER: [2]
[2026-04-30 17:57:26] COURIER 2 PASSED FILTER, distance=3.8781km
[2026-04-30 17:57:26] TOTAL COURIERS RETURNED: 1
[2026-04-30 17:57:26] NEAREST FOUND: [(2, 3.8781)]
[2026-04-30 17:57:26] CHECK COURIER id=2 distance=3.8781
[2026-04-30 17:57:26] MATCH courier=2 zone_id=2 dropoff_lat=42.874978 dropoff_lon=74.624138 result=False
[2026-04-30 17:57:26] SKIP courier=2 (darkstore/zone mismatch delivery=16476)
[2026-04-30 17:57:26] TOTAL SENT: 0
[2026-04-30 17:57:26] DISPATCH START delivery=16476 limit=5
[2026-04-30 17:57:26] FIND NEAREST COURIERS: lat=42.8755, lon=74.624066, limit=15, radius=5km
[2026-04-30 17:57:26] REDIS RESULTS: [(2, 3.8781)]
[2026-04-30 17:57:26] COURIERS AFTER FILTER: [2]
[2026-04-30 17:57:26] COURIER 2 PASSED FILTER, distance=3.8781km
[2026-04-30 17:57:26] TOTAL COURIERS RETURNED: 1
[2026-04-30 17:57:26] NEAREST FOUND: [(2, 3.8781)]
[2026-04-30 17:57:26] CHECK COURIER id=2 distance=3.8781
[2026-04-30 17:57:26] MATCH courier=2 zone_id=2 dropoff_lat=42.874978 dropoff_lon=74.624138 result=False
[2026-04-30 17:57:26] SKIP courier=2 (darkstore/zone mismatch delivery=16476)
[2026-04-30 17:57:26] TOTAL SENT: 0
[2026-04-30 17:57:35] WS DISCONNECTED: user_16, code=1000
[2026-04-30 17:57:35] WS DISCONNECTED: user_16, code=1000
[2026-04-30 17:59:40] WS CONNECTED: user=16 group=user_16
[2026-04-30 17:59:40] WS CONNECTED: user=16 group=user_16
[2026-04-30 17:59:40] WS CONNECTED: user=16 group=user_16
[2026-04-30 18:03:43] WS DISCONNECTED: user_16, code=1000
[2026-04-30 18:03:59] WS DISCONNECTED: user_16, code=1000
[2026-04-30 18:03:59] WS DISCONNECTED: user_16, code=1000
[2026-04-30 18:05:39] WS CONNECTED: user=16 group=user_16
[2026-04-30 18:05:39] WS CONNECTED: user=16 group=user_16
[2026-04-30 18:05:39] WS CONNECTED: user=16 group=user_16
[2026-04-30 18:05:56] WS DISCONNECTED: user_16, code=1000
[2026-04-30 18:05:56] WS DISCONNECTED: user_16, code=1000
[2026-04-30 18:05:56] WS DISCONNECTED: user_16, code=1000
[2026-04-30 18:08:03] WS CONNECTED: user=16 group=user_16
[2026-04-30 18:08:03] WS CONNECTED: user=16 group=user_16
[2026-04-30 18:08:03] WS CONNECTED: user=16 group=user_16
[2026-04-30 18:09:26] WS DISCONNECTED: user_16, code=1000
[2026-04-30 18:09:26] WS DISCONNECTED: user_16, code=1000
[2026-04-30 18:09:26] WS DISCONNECTED: user_16, code=1000
[2026-04-30 18:12:51] WS CONNECTED: user=16 group=user_16
[2026-04-30 18:12:51] WS CONNECTED: user=16 group=user_16
[2026-04-30 18:12:51] WS CONNECTED: user=16 group=user_16
[2026-04-30 18:13:23] TAXI DISPATCH START ride=180 limit=1
[2026-04-30 18:13:23] FIND NEAREST DRIVERS: lat=42.8735854, lon=74.5764239, limit=3, radius=5km
[2026-04-30 18:13:23] REDIS RESULTS: [(3, 0.0016), (21, 0.0047), (33, 0.0051)]
[2026-04-30 18:13:23] DRIVERS AFTER FILTER: [33]
[2026-04-30 18:13:23] WARNING: DRIVER 3 DID NOT PASS FILTER
[2026-04-30 18:13:23] WARNING: DRIVER 21 DID NOT PASS FILTER
[2026-04-30 18:13:23] DRIVER 33 PASSED FILTER, distance=0.0051km
[2026-04-30 18:13:23] TOTAL DRIVERS RETURNED: 1
[2026-04-30 18:13:23] TAXI TOTAL SENT: 1
[2026-04-30 18:13:35] TAXI DISPATCH START ride=180 limit=2
[2026-04-30 18:13:35] FIND NEAREST DRIVERS: lat=42.8735854, lon=74.5764239, limit=6, radius=5km
[2026-04-30 18:13:35] REDIS RESULTS: [(3, 0.0016), (21, 0.0047), (33, 0.0051), (13, 0.0059), (12, 0.0072), (17, 0.0077)]
[2026-04-30 18:13:35] DRIVERS AFTER FILTER: [33, 13, 12]
[2026-04-30 18:13:35] WARNING: DRIVER 3 DID NOT PASS FILTER
[2026-04-30 18:13:35] WARNING: DRIVER 21 DID NOT PASS FILTER
[2026-04-30 18:13:35] DRIVER 33 PASSED FILTER, distance=0.0051km
[2026-04-30 18:13:35] DRIVER 13 PASSED FILTER, distance=0.0059km
[2026-04-30 18:13:35] DRIVER 12 PASSED FILTER, distance=0.0072km
[2026-04-30 18:13:35] WARNING: DRIVER 17 DID NOT PASS FILTER
[2026-04-30 18:13:35] TOTAL DRIVERS RETURNED: 3
[2026-04-30 18:13:35] TAXI TOTAL SENT: 2
[2026-04-30 18:13:47] TAXI DISPATCH START ride=180 limit=3
[2026-04-30 18:13:47] FIND NEAREST DRIVERS: lat=42.8735854, lon=74.5764239, limit=9, radius=5km
[2026-04-30 18:13:47] REDIS RESULTS: [(3, 0.0016), (21, 0.0047), (33, 0.0051), (13, 0.0059), (12, 0.0072), (17, 0.0077), (8, 0.009), (29, 0.0098), (27, 0.0137)]
[2026-04-30 18:13:47] DRIVERS AFTER FILTER: [33, 13, 8, 12, 27]
[2026-04-30 18:13:47] WARNING: DRIVER 3 DID NOT PASS FILTER
[2026-04-30 18:13:47] WARNING: DRIVER 21 DID NOT PASS FILTER
[2026-04-30 18:13:47] DRIVER 33 PASSED FILTER, distance=0.0051km
[2026-04-30 18:13:47] DRIVER 13 PASSED FILTER, distance=0.0059km
[2026-04-30 18:13:47] DRIVER 12 PASSED FILTER, distance=0.0072km
[2026-04-30 18:13:47] WARNING: DRIVER 17 DID NOT PASS FILTER
[2026-04-30 18:13:47] DRIVER 8 PASSED FILTER, distance=0.009km
[2026-04-30 18:13:47] WARNING: DRIVER 29 DID NOT PASS FILTER
[2026-04-30 18:13:47] DRIVER 27 PASSED FILTER, distance=0.0137km
[2026-04-30 18:13:47] TOTAL DRIVERS RETURNED: 5
[2026-04-30 18:13:47] TAXI TOTAL SENT: 2
[2026-04-30 18:14:02] TAXI DISPATCH START ride=180 limit=1
[2026-04-30 18:14:02] FIND NEAREST DRIVERS: lat=42.8735854, lon=74.5764239, limit=3, radius=5km
[2026-04-30 18:14:02] REDIS RESULTS: [(3, 0.0016), (21, 0.0047), (33, 0.0051)]
[2026-04-30 18:14:02] DRIVERS AFTER FILTER: [33]
[2026-04-30 18:14:02] WARNING: DRIVER 3 DID NOT PASS FILTER
[2026-04-30 18:14:02] WARNING: DRIVER 21 DID NOT PASS FILTER
[2026-04-30 18:14:02] DRIVER 33 PASSED FILTER, distance=0.0051km
[2026-04-30 18:14:02] TOTAL DRIVERS RETURNED: 1
[2026-04-30 18:14:02] TAXI TOTAL SENT: 0
[2026-04-30 18:14:02] TAXI DISPATCH START ride=180 limit=1
[2026-04-30 18:14:02] FIND NEAREST DRIVERS: lat=42.8735854, lon=74.5764239, limit=3, radius=5km
[2026-04-30 18:14:02] REDIS RESULTS: [(3, 0.0016), (21, 0.0047), (33, 0.0051)]
[2026-04-30 18:14:02] DRIVERS AFTER FILTER: [33]
[2026-04-30 18:14:02] WARNING: DRIVER 3 DID NOT PASS FILTER
[2026-04-30 18:14:02] WARNING: DRIVER 21 DID NOT PASS FILTER
[2026-04-30 18:14:02] DRIVER 33 PASSED FILTER, distance=0.0051km
[2026-04-30 18:14:02] TOTAL DRIVERS RETURNED: 1
[2026-04-30 18:14:02] TAXI TOTAL SENT: 0
[2026-04-30 18:14:02] TAXI DISPATCH START ride=180 limit=2
[2026-04-30 18:14:02] FIND NEAREST DRIVERS: lat=42.8735854, lon=74.5764239, limit=6, radius=5km
[2026-04-30 18:14:02] REDIS RESULTS: [(3, 0.0016), (21, 0.0047), (33, 0.0051), (13, 0.0059), (12, 0.0072), (17, 0.0077)]
[2026-04-30 18:14:02] DRIVERS AFTER FILTER: [33, 13, 12]
[2026-04-30 18:14:02] WARNING: DRIVER 3 DID NOT PASS FILTER
[2026-04-30 18:14:02] WARNING: DRIVER 21 DID NOT PASS FILTER
[2026-04-30 18:14:02] DRIVER 33 PASSED FILTER, distance=0.0051km
[2026-04-30 18:14:02] DRIVER 13 PASSED FILTER, distance=0.0059km
[2026-04-30 18:14:02] DRIVER 12 PASSED FILTER, distance=0.0072km
[2026-04-30 18:14:02] WARNING: DRIVER 17 DID NOT PASS FILTER
[2026-04-30 18:14:02] TOTAL DRIVERS RETURNED: 3
[2026-04-30 18:14:02] TAXI TOTAL SENT: 0
[2026-04-30 18:14:02] TAXI DISPATCH START ride=180 limit=2
[2026-04-30 18:14:02] FIND NEAREST DRIVERS: lat=42.8735854, lon=74.5764239, limit=6, radius=5km
[2026-04-30 18:14:02] REDIS RESULTS: [(3, 0.0016), (21, 0.0047), (33, 0.0051), (13, 0.0059), (12, 0.0072), (17, 0.0077)]
[2026-04-30 18:14:02] DRIVERS AFTER FILTER: [33, 13, 12]
[2026-04-30 18:14:02] WARNING: DRIVER 3 DID NOT PASS FILTER
[2026-04-30 18:14:02] WARNING: DRIVER 21 DID NOT PASS FILTER
[2026-04-30 18:14:02] DRIVER 33 PASSED FILTER, distance=0.0051km
[2026-04-30 18:14:02] DRIVER 13 PASSED FILTER, distance=0.0059km
[2026-04-30 18:14:02] DRIVER 12 PASSED FILTER, distance=0.0072km
[2026-04-30 18:14:02] WARNING: DRIVER 17 DID NOT PASS FILTER
[2026-04-30 18:14:02] TOTAL DRIVERS RETURNED: 3
[2026-04-30 18:14:02] TAXI TOTAL SENT: 0
[2026-04-30 18:14:02] TAXI DISPATCH START ride=180 limit=3
[2026-04-30 18:14:02] FIND NEAREST DRIVERS: lat=42.8735854, lon=74.5764239, limit=9, radius=5km
[2026-04-30 18:14:02] REDIS RESULTS: [(3, 0.0016), (21, 0.0047), (33, 0.0051), (13, 0.0059), (12, 0.0072), (17, 0.0077), (8, 0.009), (29, 0.0098), (27, 0.0137)]
[2026-04-30 18:14:02] DRIVERS AFTER FILTER: [33, 13, 8, 12, 27]
[2026-04-30 18:14:02] WARNING: DRIVER 3 DID NOT PASS FILTER
[2026-04-30 18:14:02] WARNING: DRIVER 21 DID NOT PASS FILTER
[2026-04-30 18:14:02] DRIVER 33 PASSED FILTER, distance=0.0051km
[2026-04-30 18:14:02] DRIVER 13 PASSED FILTER, distance=0.0059km
[2026-04-30 18:14:02] DRIVER 12 PASSED FILTER, distance=0.0072km
[2026-04-30 18:14:02] WARNING: DRIVER 17 DID NOT PASS FILTER
[2026-04-30 18:14:02] DRIVER 8 PASSED FILTER, distance=0.009km
[2026-04-30 18:14:02] WARNING: DRIVER 29 DID NOT PASS FILTER
[2026-04-30 18:14:02] DRIVER 27 PASSED FILTER, distance=0.0137km
[2026-04-30 18:14:02] TOTAL DRIVERS RETURNED: 5
[2026-04-30 18:14:02] TAXI TOTAL SENT: 0
[2026-04-30 18:14:02] TAXI DISPATCH START ride=180 limit=3
[2026-04-30 18:14:02] FIND NEAREST DRIVERS: lat=42.8735854, lon=74.5764239, limit=9, radius=5km
[2026-04-30 18:14:02] REDIS RESULTS: [(3, 0.0016), (21, 0.0047), (33, 0.0051), (13, 0.0059), (12, 0.0072), (17, 0.0077), (8, 0.009), (29, 0.0098), (27, 0.0137)]
[2026-04-30 18:14:02] DRIVERS AFTER FILTER: [33, 13, 8, 12, 27]
[2026-04-30 18:14:02] WARNING: DRIVER 3 DID NOT PASS FILTER
[2026-04-30 18:14:02] WARNING: DRIVER 21 DID NOT PASS FILTER
[2026-04-30 18:14:02] DRIVER 33 PASSED FILTER, distance=0.0051km
[2026-04-30 18:14:02] DRIVER 13 PASSED FILTER, distance=0.0059km
[2026-04-30 18:14:02] DRIVER 12 PASSED FILTER, distance=0.0072km
[2026-04-30 18:14:02] WARNING: DRIVER 17 DID NOT PASS FILTER
[2026-04-30 18:14:02] DRIVER 8 PASSED FILTER, distance=0.009km
[2026-04-30 18:14:02] WARNING: DRIVER 29 DID NOT PASS FILTER
[2026-04-30 18:14:02] DRIVER 27 PASSED FILTER, distance=0.0137km
[2026-04-30 18:14:02] TOTAL DRIVERS RETURNED: 5
[2026-04-30 18:14:02] TAXI TOTAL SENT: 0
[2026-04-30 18:15:11] WS DISCONNECTED: user_16, code=1000
[2026-04-30 18:15:11] WS DISCONNECTED: user_16, code=1000
[2026-04-30 18:15:11] WS DISCONNECTED: user_16, code=1000
[2026-04-30 18:15:15] WS CONNECTED: user=16 group=user_16
[2026-04-30 18:15:15] WS CONNECTED: user=16 group=user_16
[2026-04-30 18:15:15] WS CONNECTED: user=16 group=user_16
[2026-04-30 18:15:32] TAXI DISPATCH START ride=181 limit=1
[2026-04-30 18:15:32] FIND NEAREST DRIVERS: lat=42.87698, lon=74.577776, limit=3, radius=5km
[2026-04-30 18:15:32] REDIS RESULTS: [(8, 0.3849), (29, 0.3912), (3, 0.3932)]
[2026-04-30 18:15:32] DRIVERS AFTER FILTER: [8]
[2026-04-30 18:15:32] DRIVER 8 PASSED FILTER, distance=0.3849km
[2026-04-30 18:15:32] WARNING: DRIVER 29 DID NOT PASS FILTER
[2026-04-30 18:15:32] WARNING: DRIVER 3 DID NOT PASS FILTER
[2026-04-30 18:15:32] TOTAL DRIVERS RETURNED: 1
[2026-04-30 18:15:32] TAXI TOTAL SENT: 1
[2026-04-30 18:15:44] TAXI DISPATCH START ride=181 limit=2
[2026-04-30 18:15:44] FIND NEAREST DRIVERS: lat=42.87698, lon=74.577776, limit=6, radius=5km
[2026-04-30 18:15:44] REDIS RESULTS: [(8, 0.3849), (29, 0.3912), (3, 0.3932), (13, 0.394), (12, 0.3954), (21, 0.3967)]
[2026-04-30 18:15:44] DRIVERS AFTER FILTER: [13, 8, 12]
[2026-04-30 18:15:44] DRIVER 8 PASSED FILTER, distance=0.3849km
[2026-04-30 18:15:44] WARNING: DRIVER 29 DID NOT PASS FILTER
[2026-04-30 18:15:44] WARNING: DRIVER 3 DID NOT PASS FILTER
[2026-04-30 18:15:44] DRIVER 13 PASSED FILTER, distance=0.394km
[2026-04-30 18:15:44] DRIVER 12 PASSED FILTER, distance=0.3954km
[2026-04-30 18:15:44] WARNING: DRIVER 21 DID NOT PASS FILTER
[2026-04-30 18:15:44] TOTAL DRIVERS RETURNED: 3
[2026-04-30 18:15:44] TAXI TOTAL SENT: 2
[2026-04-30 18:15:56] TAXI DISPATCH START ride=181 limit=3
[2026-04-30 18:15:56] FIND NEAREST DRIVERS: lat=42.87698, lon=74.577776, limit=9, radius=5km
[2026-04-30 18:15:56] REDIS RESULTS: [(8, 0.3849), (29, 0.3912), (3, 0.3932), (13, 0.394), (12, 0.3954), (21, 0.3967), (33, 0.398), (17, 0.4003), (27, 0.4068)]
[2026-04-30 18:15:56] DRIVERS AFTER FILTER: [33, 13, 8, 12, 27]
[2026-04-30 18:15:56] DRIVER 8 PASSED FILTER, distance=0.3849km
[2026-04-30 18:15:56] WARNING: DRIVER 29 DID NOT PASS FILTER
[2026-04-30 18:15:56] WARNING: DRIVER 3 DID NOT PASS FILTER
[2026-04-30 18:15:56] DRIVER 13 PASSED FILTER, distance=0.394km
[2026-04-30 18:15:56] DRIVER 12 PASSED FILTER, distance=0.3954km
[2026-04-30 18:15:56] WARNING: DRIVER 21 DID NOT PASS FILTER
[2026-04-30 18:15:56] DRIVER 33 PASSED FILTER, distance=0.398km
[2026-04-30 18:15:56] WARNING: DRIVER 17 DID NOT PASS FILTER
[2026-04-30 18:15:56] DRIVER 27 PASSED FILTER, distance=0.4068km
[2026-04-30 18:15:56] TOTAL DRIVERS RETURNED: 5
[2026-04-30 18:15:56] TAXI TOTAL SENT: 2
[2026-04-30 18:16:11] TAXI DISPATCH START ride=181 limit=1
[2026-04-30 18:16:11] FIND NEAREST DRIVERS: lat=42.87698, lon=74.577776, limit=3, radius=5km
[2026-04-30 18:16:11] REDIS RESULTS: [(8, 0.3849), (29, 0.3912), (3, 0.3932)]
[2026-04-30 18:16:11] DRIVERS AFTER FILTER: [8]
[2026-04-30 18:16:11] DRIVER 8 PASSED FILTER, distance=0.3849km
[2026-04-30 18:16:11] WARNING: DRIVER 29 DID NOT PASS FILTER
[2026-04-30 18:16:11] WARNING: DRIVER 3 DID NOT PASS FILTER
[2026-04-30 18:16:11] TOTAL DRIVERS RETURNED: 1
[2026-04-30 18:16:11] TAXI TOTAL SENT: 0
[2026-04-30 18:16:11] TAXI DISPATCH START ride=181 limit=1
[2026-04-30 18:16:11] FIND NEAREST DRIVERS: lat=42.87698, lon=74.577776, limit=3, radius=5km
[2026-04-30 18:16:11] REDIS RESULTS: [(8, 0.3849), (29, 0.3912), (3, 0.3932)]
[2026-04-30 18:16:11] DRIVERS AFTER FILTER: [8]
[2026-04-30 18:16:11] DRIVER 8 PASSED FILTER, distance=0.3849km
[2026-04-30 18:16:11] WARNING: DRIVER 29 DID NOT PASS FILTER
[2026-04-30 18:16:11] WARNING: DRIVER 3 DID NOT PASS FILTER
[2026-04-30 18:16:11] TOTAL DRIVERS RETURNED: 1
[2026-04-30 18:16:11] TAXI TOTAL SENT: 0
[2026-04-30 18:16:11] TAXI DISPATCH START ride=181 limit=2
[2026-04-30 18:16:11] FIND NEAREST DRIVERS: lat=42.87698, lon=74.577776, limit=6, radius=5km
[2026-04-30 18:16:11] REDIS RESULTS: [(8, 0.3849), (29, 0.3912), (3, 0.3932), (13, 0.394), (12, 0.3954), (21, 0.3967)]
[2026-04-30 18:16:11] DRIVERS AFTER FILTER: [13, 8, 12]
[2026-04-30 18:16:11] DRIVER 8 PASSED FILTER, distance=0.3849km
[2026-04-30 18:16:11] WARNING: DRIVER 29 DID NOT PASS FILTER
[2026-04-30 18:16:11] WARNING: DRIVER 3 DID NOT PASS FILTER
[2026-04-30 18:16:11] DRIVER 13 PASSED FILTER, distance=0.394km
[2026-04-30 18:16:11] DRIVER 12 PASSED FILTER, distance=0.3954km
[2026-04-30 18:16:11] WARNING: DRIVER 21 DID NOT PASS FILTER
[2026-04-30 18:16:11] TOTAL DRIVERS RETURNED: 3
[2026-04-30 18:16:11] TAXI TOTAL SENT: 0
[2026-04-30 18:16:11] TAXI DISPATCH START ride=181 limit=2
[2026-04-30 18:16:11] FIND NEAREST DRIVERS: lat=42.87698, lon=74.577776, limit=6, radius=5km
[2026-04-30 18:16:11] REDIS RESULTS: [(8, 0.3849), (29, 0.3912), (3, 0.3932), (13, 0.394), (12, 0.3954), (21, 0.3967)]
[2026-04-30 18:16:11] DRIVERS AFTER FILTER: [13, 8, 12]
[2026-04-30 18:16:11] DRIVER 8 PASSED FILTER, distance=0.3849km
[2026-04-30 18:16:11] WARNING: DRIVER 29 DID NOT PASS FILTER
[2026-04-30 18:16:11] WARNING: DRIVER 3 DID NOT PASS FILTER
[2026-04-30 18:16:11] DRIVER 13 PASSED FILTER, distance=0.394km
[2026-04-30 18:16:11] DRIVER 12 PASSED FILTER, distance=0.3954km
[2026-04-30 18:16:11] WARNING: DRIVER 21 DID NOT PASS FILTER
[2026-04-30 18:16:11] TOTAL DRIVERS RETURNED: 3
[2026-04-30 18:16:11] TAXI TOTAL SENT: 0
[2026-04-30 18:16:11] TAXI DISPATCH START ride=181 limit=3
[2026-04-30 18:16:11] FIND NEAREST DRIVERS: lat=42.87698, lon=74.577776, limit=9, radius=5km
[2026-04-30 18:16:11] REDIS RESULTS: [(8, 0.3849), (29, 0.3912), (3, 0.3932), (13, 0.394), (12, 0.3954), (21, 0.3967), (33, 0.398), (17, 0.4003), (27, 0.4068)]
[2026-04-30 18:16:11] DRIVERS AFTER FILTER: [33, 13, 8, 12, 27]
[2026-04-30 18:16:11] DRIVER 8 PASSED FILTER, distance=0.3849km
[2026-04-30 18:16:11] WARNING: DRIVER 29 DID NOT PASS FILTER
[2026-04-30 18:16:11] WARNING: DRIVER 3 DID NOT PASS FILTER
[2026-04-30 18:16:11] DRIVER 13 PASSED FILTER, distance=0.394km
[2026-04-30 18:16:11] DRIVER 12 PASSED FILTER, distance=0.3954km
[2026-04-30 18:16:11] WARNING: DRIVER 21 DID NOT PASS FILTER
[2026-04-30 18:16:11] DRIVER 33 PASSED FILTER, distance=0.398km
[2026-04-30 18:16:11] WARNING: DRIVER 17 DID NOT PASS FILTER
[2026-04-30 18:16:11] DRIVER 27 PASSED FILTER, distance=0.4068km
[2026-04-30 18:16:11] TOTAL DRIVERS RETURNED: 5
[2026-04-30 18:16:11] TAXI TOTAL SENT: 0
[2026-04-30 18:16:11] TAXI DISPATCH START ride=181 limit=3
[2026-04-30 18:16:11] FIND NEAREST DRIVERS: lat=42.87698, lon=74.577776, limit=9, radius=5km
[2026-04-30 18:16:11] REDIS RESULTS: [(8, 0.3849), (29, 0.3912), (3, 0.3932), (13, 0.394), (12, 0.3954), (21, 0.3967), (33, 0.398), (17, 0.4003), (27, 0.4068)]
[2026-04-30 18:16:11] DRIVERS AFTER FILTER: [33, 13, 8, 12, 27]
[2026-04-30 18:16:11] DRIVER 8 PASSED FILTER, distance=0.3849km
[2026-04-30 18:16:11] WARNING: DRIVER 29 DID NOT PASS FILTER
[2026-04-30 18:16:11] WARNING: DRIVER 3 DID NOT PASS FILTER
[2026-04-30 18:16:11] DRIVER 13 PASSED FILTER, distance=0.394km
[2026-04-30 18:16:11] DRIVER 12 PASSED FILTER, distance=0.3954km
[2026-04-30 18:16:11] WARNING: DRIVER 21 DID NOT PASS FILTER
[2026-04-30 18:16:11] DRIVER 33 PASSED FILTER, distance=0.398km
[2026-04-30 18:16:11] WARNING: DRIVER 17 DID NOT PASS FILTER
[2026-04-30 18:16:11] DRIVER 27 PASSED FILTER, distance=0.4068km
[2026-04-30 18:16:11] TOTAL DRIVERS RETURNED: 5
[2026-04-30 18:16:11] TAXI TOTAL SENT: 0
[2026-04-30 18:38:00] WS CONNECTED: user=16 group=user_16
[2026-04-30 18:38:02] WS DISCONNECTED: user_16, code=1000
[2026-04-30 18:39:04] WS CONNECTED: user=2 group=user_2
[2026-04-30 18:39:04] WS CONNECTED: user=2 group=user_2
[2026-04-30 18:41:05] WS DISCONNECTED: user_2, code=1000
[2026-04-30 18:41:05] WS DISCONNECTED: user_2, code=1000
[2026-04-30 18:42:07] WS DISCONNECTED: user_16, code=1006
[2026-04-30 18:42:07] WS DISCONNECTED: user_16, code=1006
[2026-04-30 18:42:07] WS DISCONNECTED: user_16, code=1006
[2026-04-30 18:45:34] WS CONNECTED: user=16 group=user_16
[2026-04-30 18:45:34] WS CONNECTED: user=16 group=user_16
[2026-04-30 18:45:34] WS CONNECTED: user=16 group=user_16
[2026-04-30 18:49:46] WS DISCONNECTED: user_16, code=1006
[2026-04-30 18:49:46] WS DISCONNECTED: user_16, code=1006
[2026-04-30 18:49:46] WS DISCONNECTED: user_16, code=1006
[2026-04-30 18:59:46] WS CONNECTED: user=16 group=user_16
[2026-04-30 19:00:13] TAXI DISPATCH START ride=182 limit=1
[2026-04-30 19:00:13] FIND NEAREST DRIVERS: lat=42.8735675, lon=74.5764064, limit=3, radius=5km
[2026-04-30 19:00:13] REDIS RESULTS: [(3, 0.0026), (33, 0.0027), (21, 0.0028)]
[2026-04-30 19:00:13] DRIVERS AFTER FILTER: [33]
[2026-04-30 19:00:13] WARNING: DRIVER 3 DID NOT PASS FILTER
[2026-04-30 19:00:13] DRIVER 33 PASSED FILTER, distance=0.0027km
[2026-04-30 19:00:13] WARNING: DRIVER 21 DID NOT PASS FILTER
[2026-04-30 19:00:13] TOTAL DRIVERS RETURNED: 1
[2026-04-30 19:00:13] TAXI TOTAL SENT: 1
[2026-04-30 19:00:25] TAXI DISPATCH START ride=182 limit=2
[2026-04-30 19:00:25] FIND NEAREST DRIVERS: lat=42.8735675, lon=74.5764064, limit=6, radius=5km
[2026-04-30 19:00:25] REDIS RESULTS: [(3, 0.0026), (33, 0.0027), (21, 0.0028), (12, 0.0061), (17, 0.0062), (13, 0.0069)]
[2026-04-30 19:00:25] DRIVERS AFTER FILTER: [33, 13, 12]
[2026-04-30 19:00:25] WARNING: DRIVER 3 DID NOT PASS FILTER
[2026-04-30 19:00:25] DRIVER 33 PASSED FILTER, distance=0.0027km
[2026-04-30 19:00:25] WARNING: DRIVER 21 DID NOT PASS FILTER
[2026-04-30 19:00:25] DRIVER 12 PASSED FILTER, distance=0.0061km
[2026-04-30 19:00:25] WARNING: DRIVER 17 DID NOT PASS FILTER
[2026-04-30 19:00:25] DRIVER 13 PASSED FILTER, distance=0.0069km
[2026-04-30 19:00:25] TOTAL DRIVERS RETURNED: 3
[2026-04-30 19:00:25] TAXI TOTAL SENT: 2
[2026-04-30 19:00:37] TAXI DISPATCH START ride=182 limit=3
[2026-04-30 19:00:37] FIND NEAREST DRIVERS: lat=42.8735675, lon=74.5764064, limit=9, radius=5km
[2026-04-30 19:00:37] REDIS RESULTS: [(3, 0.0026), (33, 0.0027), (21, 0.0028), (12, 0.0061), (17, 0.0062), (13, 0.0069), (8, 0.011), (27, 0.0113), (29, 0.0113)]
[2026-04-30 19:00:37] DRIVERS AFTER FILTER: [33, 13, 8, 12, 27]
[2026-04-30 19:00:37] WARNING: DRIVER 3 DID NOT PASS FILTER
[2026-04-30 19:00:37] DRIVER 33 PASSED FILTER, distance=0.0027km
[2026-04-30 19:00:37] WARNING: DRIVER 21 DID NOT PASS FILTER
[2026-04-30 19:00:37] DRIVER 12 PASSED FILTER, distance=0.0061km
[2026-04-30 19:00:37] WARNING: DRIVER 17 DID NOT PASS FILTER
[2026-04-30 19:00:37] DRIVER 13 PASSED FILTER, distance=0.0069km
[2026-04-30 19:00:37] DRIVER 8 PASSED FILTER, distance=0.011km
[2026-04-30 19:00:37] DRIVER 27 PASSED FILTER, distance=0.0113km
[2026-04-30 19:00:37] WARNING: DRIVER 29 DID NOT PASS FILTER
[2026-04-30 19:00:37] TOTAL DRIVERS RETURNED: 5
[2026-04-30 19:00:37] TAXI TOTAL SENT: 2
[2026-04-30 19:00:52] TAXI DISPATCH START ride=182 limit=1
[2026-04-30 19:00:52] FIND NEAREST DRIVERS: lat=42.8735675, lon=74.5764064, limit=3, radius=5km
[2026-04-30 19:00:52] REDIS RESULTS: [(3, 0.0026), (33, 0.0027), (21, 0.0028)]
[2026-04-30 19:00:52] DRIVERS AFTER FILTER: [33]
[2026-04-30 19:00:52] WARNING: DRIVER 3 DID NOT PASS FILTER
[2026-04-30 19:00:52] DRIVER 33 PASSED FILTER, distance=0.0027km
[2026-04-30 19:00:52] WARNING: DRIVER 21 DID NOT PASS FILTER
[2026-04-30 19:00:52] TOTAL DRIVERS RETURNED: 1
[2026-04-30 19:00:52] TAXI TOTAL SENT: 0
[2026-04-30 19:00:52] TAXI DISPATCH START ride=182 limit=1
[2026-04-30 19:00:52] FIND NEAREST DRIVERS: lat=42.8735675, lon=74.5764064, limit=3, radius=5km
[2026-04-30 19:00:52] REDIS RESULTS: [(3, 0.0026), (33, 0.0027), (21, 0.0028)]
[2026-04-30 19:00:52] DRIVERS AFTER FILTER: [33]
[2026-04-30 19:00:52] WARNING: DRIVER 3 DID NOT PASS FILTER
[2026-04-30 19:00:52] DRIVER 33 PASSED FILTER, distance=0.0027km
[2026-04-30 19:00:52] WARNING: DRIVER 21 DID NOT PASS FILTER
[2026-04-30 19:00:52] TOTAL DRIVERS RETURNED: 1
[2026-04-30 19:00:52] TAXI TOTAL SENT: 0
[2026-04-30 19:00:52] TAXI DISPATCH START ride=182 limit=2
[2026-04-30 19:00:52] FIND NEAREST DRIVERS: lat=42.8735675, lon=74.5764064, limit=6, radius=5km
[2026-04-30 19:00:52] REDIS RESULTS: [(3, 0.0026), (33, 0.0027), (21, 0.0028), (12, 0.0061), (17, 0.0062), (13, 0.0069)]
[2026-04-30 19:00:53] DRIVERS AFTER FILTER: [33, 13, 12]
[2026-04-30 19:00:53] WARNING: DRIVER 3 DID NOT PASS FILTER
[2026-04-30 19:00:53] DRIVER 33 PASSED FILTER, distance=0.0027km
[2026-04-30 19:00:53] WARNING: DRIVER 21 DID NOT PASS FILTER
[2026-04-30 19:00:53] DRIVER 12 PASSED FILTER, distance=0.0061km
[2026-04-30 19:00:53] WARNING: DRIVER 17 DID NOT PASS FILTER
[2026-04-30 19:00:53] DRIVER 13 PASSED FILTER, distance=0.0069km
[2026-04-30 19:00:53] TOTAL DRIVERS RETURNED: 3
[2026-04-30 19:00:53] TAXI TOTAL SENT: 0
[2026-04-30 19:00:53] TAXI DISPATCH START ride=182 limit=2
[2026-04-30 19:00:53] FIND NEAREST DRIVERS: lat=42.8735675, lon=74.5764064, limit=6, radius=5km
[2026-04-30 19:00:53] REDIS RESULTS: [(3, 0.0026), (33, 0.0027), (21, 0.0028), (12, 0.0061), (17, 0.0062), (13, 0.0069)]
[2026-04-30 19:00:53] DRIVERS AFTER FILTER: [33, 13, 12]
[2026-04-30 19:00:53] WARNING: DRIVER 3 DID NOT PASS FILTER
[2026-04-30 19:00:53] DRIVER 33 PASSED FILTER, distance=0.0027km
[2026-04-30 19:00:53] WARNING: DRIVER 21 DID NOT PASS FILTER
[2026-04-30 19:00:53] DRIVER 12 PASSED FILTER, distance=0.0061km
[2026-04-30 19:00:53] WARNING: DRIVER 17 DID NOT PASS FILTER
[2026-04-30 19:00:53] DRIVER 13 PASSED FILTER, distance=0.0069km
[2026-04-30 19:00:53] TOTAL DRIVERS RETURNED: 3
[2026-04-30 19:00:53] TAXI TOTAL SENT: 0
[2026-04-30 19:00:53] TAXI DISPATCH START ride=182 limit=3
[2026-04-30 19:00:53] FIND NEAREST DRIVERS: lat=42.8735675, lon=74.5764064, limit=9, radius=5km
[2026-04-30 19:00:53] REDIS RESULTS: [(3, 0.0026), (33, 0.0027), (21, 0.0028), (12, 0.0061), (17, 0.0062), (13, 0.0069), (8, 0.011), (27, 0.0113), (29, 0.0113)]
[2026-04-30 19:00:53] DRIVERS AFTER FILTER: [33, 13, 8, 12, 27]
[2026-04-30 19:00:53] WARNING: DRIVER 3 DID NOT PASS FILTER
[2026-04-30 19:00:53] DRIVER 33 PASSED FILTER, distance=0.0027km
[2026-04-30 19:00:53] WARNING: DRIVER 21 DID NOT PASS FILTER
[2026-04-30 19:00:53] DRIVER 12 PASSED FILTER, distance=0.0061km
[2026-04-30 19:00:53] WARNING: DRIVER 17 DID NOT PASS FILTER
[2026-04-30 19:00:53] DRIVER 13 PASSED FILTER, distance=0.0069km
[2026-04-30 19:00:53] DRIVER 8 PASSED FILTER, distance=0.011km
[2026-04-30 19:00:53] DRIVER 27 PASSED FILTER, distance=0.0113km
[2026-04-30 19:00:53] WARNING: DRIVER 29 DID NOT PASS FILTER
[2026-04-30 19:00:53] TOTAL DRIVERS RETURNED: 5
[2026-04-30 19:00:53] TAXI TOTAL SENT: 0
[2026-04-30 19:00:53] TAXI DISPATCH START ride=182 limit=3
[2026-04-30 19:00:53] FIND NEAREST DRIVERS: lat=42.8735675, lon=74.5764064, limit=9, radius=5km
[2026-04-30 19:00:53] REDIS RESULTS: [(3, 0.0026), (33, 0.0027), (21, 0.0028), (12, 0.0061), (17, 0.0062), (13, 0.0069), (8, 0.011), (27, 0.0113), (29, 0.0113)]
[2026-04-30 19:00:53] DRIVERS AFTER FILTER: [33, 13, 8, 12, 27]
[2026-04-30 19:00:53] WARNING: DRIVER 3 DID NOT PASS FILTER
[2026-04-30 19:00:53] DRIVER 33 PASSED FILTER, distance=0.0027km
[2026-04-30 19:00:53] WARNING: DRIVER 21 DID NOT PASS FILTER
[2026-04-30 19:00:53] DRIVER 12 PASSED FILTER, distance=0.0061km
[2026-04-30 19:00:53] WARNING: DRIVER 17 DID NOT PASS FILTER
[2026-04-30 19:00:53] DRIVER 13 PASSED FILTER, distance=0.0069km
[2026-04-30 19:00:53] DRIVER 8 PASSED FILTER, distance=0.011km
[2026-04-30 19:00:53] DRIVER 27 PASSED FILTER, distance=0.0113km
[2026-04-30 19:00:53] WARNING: DRIVER 29 DID NOT PASS FILTER
[2026-04-30 19:00:53] TOTAL DRIVERS RETURNED: 5
[2026-04-30 19:00:53] TAXI TOTAL SENT: 0
[2026-04-30 19:03:26] TAXI DISPATCH START ride=183 limit=1
[2026-04-30 19:03:26] FIND NEAREST DRIVERS: lat=42.873572, lon=74.5764201, limit=3, radius=5km
[2026-04-30 19:03:26] REDIS RESULTS: [(3, 0.0024), (33, 0.0039), (21, 0.0039)]
[2026-04-30 19:03:26] DRIVERS AFTER FILTER: [33]
[2026-04-30 19:03:26] WARNING: DRIVER 3 DID NOT PASS FILTER
[2026-04-30 19:03:26] DRIVER 33 PASSED FILTER, distance=0.0039km
[2026-04-30 19:03:26] WARNING: DRIVER 21 DID NOT PASS FILTER
[2026-04-30 19:03:26] TOTAL DRIVERS RETURNED: 1
[2026-04-30 19:03:26] TAXI TOTAL SENT: 1
[2026-04-30 19:03:39] TAXI DISPATCH START ride=183 limit=2
[2026-04-30 19:03:39] FIND NEAREST DRIVERS: lat=42.873572, lon=74.5764201, limit=6, radius=5km
[2026-04-30 19:03:39] REDIS RESULTS: [(3, 0.0024), (33, 0.0039), (21, 0.0039), (13, 0.0058), (17, 0.0063), (12, 0.0071)]
[2026-04-30 19:03:39] DRIVERS AFTER FILTER: [33, 13, 12]
[2026-04-30 19:03:39] WARNING: DRIVER 3 DID NOT PASS FILTER
[2026-04-30 19:03:39] DRIVER 33 PASSED FILTER, distance=0.0039km
[2026-04-30 19:03:39] WARNING: DRIVER 21 DID NOT PASS FILTER
[2026-04-30 19:03:39] DRIVER 13 PASSED FILTER, distance=0.0058km
[2026-04-30 19:03:39] WARNING: DRIVER 17 DID NOT PASS FILTER
[2026-04-30 19:03:39] DRIVER 12 PASSED FILTER, distance=0.0071km
[2026-04-30 19:03:39] TOTAL DRIVERS RETURNED: 3
[2026-04-30 19:03:39] TAXI TOTAL SENT: 2
[2026-04-30 19:03:51] TAXI DISPATCH START ride=183 limit=3
[2026-04-30 19:03:51] FIND NEAREST DRIVERS: lat=42.873572, lon=74.5764201, limit=9, radius=5km
[2026-04-30 19:03:51] REDIS RESULTS: [(3, 0.0024), (33, 0.0039), (21, 0.0039), (13, 0.0058), (17, 0.0063), (12, 0.0071), (29, 0.0102), (8, 0.0105), (27, 0.0122)]
[2026-04-30 19:03:51] DRIVERS AFTER FILTER: [33, 13, 8, 12, 27]
[2026-04-30 19:03:51] WARNING: DRIVER 3 DID NOT PASS FILTER
[2026-04-30 19:03:51] DRIVER 33 PASSED FILTER, distance=0.0039km
[2026-04-30 19:03:51] WARNING: DRIVER 21 DID NOT PASS FILTER
[2026-04-30 19:03:51] DRIVER 13 PASSED FILTER, distance=0.0058km
[2026-04-30 19:03:51] WARNING: DRIVER 17 DID NOT PASS FILTER
[2026-04-30 19:03:51] DRIVER 12 PASSED FILTER, distance=0.0071km
[2026-04-30 19:03:51] WARNING: DRIVER 29 DID NOT PASS FILTER
[2026-04-30 19:03:51] DRIVER 8 PASSED FILTER, distance=0.0105km
[2026-04-30 19:03:51] DRIVER 27 PASSED FILTER, distance=0.0122km
[2026-04-30 19:03:51] TOTAL DRIVERS RETURNED: 5
[2026-04-30 19:03:51] TAXI TOTAL SENT: 2
[2026-04-30 19:04:06] TAXI DISPATCH START ride=183 limit=1
[2026-04-30 19:04:06] FIND NEAREST DRIVERS: lat=42.873572, lon=74.5764201, limit=3, radius=5km
[2026-04-30 19:04:06] REDIS RESULTS: [(3, 0.0024), (33, 0.0039), (21, 0.0039)]
[2026-04-30 19:04:06] DRIVERS AFTER FILTER: [33]
[2026-04-30 19:04:06] WARNING: DRIVER 3 DID NOT PASS FILTER
[2026-04-30 19:04:06] DRIVER 33 PASSED FILTER, distance=0.0039km
[2026-04-30 19:04:06] WARNING: DRIVER 21 DID NOT PASS FILTER
[2026-04-30 19:04:06] TOTAL DRIVERS RETURNED: 1
[2026-04-30 19:04:06] TAXI TOTAL SENT: 0
[2026-04-30 19:04:06] TAXI DISPATCH START ride=183 limit=1
[2026-04-30 19:04:06] FIND NEAREST DRIVERS: lat=42.873572, lon=74.5764201, limit=3, radius=5km
[2026-04-30 19:04:06] REDIS RESULTS: [(3, 0.0024), (33, 0.0039), (21, 0.0039)]
[2026-04-30 19:04:06] DRIVERS AFTER FILTER: [33]
[2026-04-30 19:04:06] WARNING: DRIVER 3 DID NOT PASS FILTER
[2026-04-30 19:04:06] DRIVER 33 PASSED FILTER, distance=0.0039km
[2026-04-30 19:04:06] WARNING: DRIVER 21 DID NOT PASS FILTER
[2026-04-30 19:04:06] TOTAL DRIVERS RETURNED: 1
[2026-04-30 19:04:06] TAXI TOTAL SENT: 0
[2026-04-30 19:04:06] TAXI DISPATCH START ride=183 limit=2
[2026-04-30 19:04:06] FIND NEAREST DRIVERS: lat=42.873572, lon=74.5764201, limit=6, radius=5km
[2026-04-30 19:04:06] REDIS RESULTS: [(3, 0.0024), (33, 0.0039), (21, 0.0039), (13, 0.0058), (17, 0.0063), (12, 0.0071)]
[2026-04-30 19:04:06] DRIVERS AFTER FILTER: [33, 13, 12]
[2026-04-30 19:04:06] WARNING: DRIVER 3 DID NOT PASS FILTER
[2026-04-30 19:04:06] DRIVER 33 PASSED FILTER, distance=0.0039km
[2026-04-30 19:04:06] WARNING: DRIVER 21 DID NOT PASS FILTER
[2026-04-30 19:04:06] DRIVER 13 PASSED FILTER, distance=0.0058km
[2026-04-30 19:04:06] WARNING: DRIVER 17 DID NOT PASS FILTER
[2026-04-30 19:04:06] DRIVER 12 PASSED FILTER, distance=0.0071km
[2026-04-30 19:04:06] TOTAL DRIVERS RETURNED: 3
[2026-04-30 19:04:06] TAXI TOTAL SENT: 0
[2026-04-30 19:04:06] TAXI DISPATCH START ride=183 limit=2
[2026-04-30 19:04:06] FIND NEAREST DRIVERS: lat=42.873572, lon=74.5764201, limit=6, radius=5km
[2026-04-30 19:04:06] REDIS RESULTS: [(3, 0.0024), (33, 0.0039), (21, 0.0039), (13, 0.0058), (17, 0.0063), (12, 0.0071)]
[2026-04-30 19:04:06] DRIVERS AFTER FILTER: [33, 13, 12]
[2026-04-30 19:04:06] WARNING: DRIVER 3 DID NOT PASS FILTER
[2026-04-30 19:04:06] DRIVER 33 PASSED FILTER, distance=0.0039km
[2026-04-30 19:04:06] WARNING: DRIVER 21 DID NOT PASS FILTER
[2026-04-30 19:04:06] DRIVER 13 PASSED FILTER, distance=0.0058km
[2026-04-30 19:04:06] WARNING: DRIVER 17 DID NOT PASS FILTER
[2026-04-30 19:04:06] DRIVER 12 PASSED FILTER, distance=0.0071km
[2026-04-30 19:04:06] TOTAL DRIVERS RETURNED: 3
[2026-04-30 19:04:06] TAXI TOTAL SENT: 0
[2026-04-30 19:04:06] TAXI DISPATCH START ride=183 limit=3
[2026-04-30 19:04:06] FIND NEAREST DRIVERS: lat=42.873572, lon=74.5764201, limit=9, radius=5km
[2026-04-30 19:04:06] REDIS RESULTS: [(3, 0.0024), (33, 0.0039), (21, 0.0039), (13, 0.0058), (17, 0.0063), (12, 0.0071), (29, 0.0102), (8, 0.0105), (27, 0.0122)]
[2026-04-30 19:04:06] DRIVERS AFTER FILTER: [33, 13, 8, 12, 27]
[2026-04-30 19:04:06] WARNING: DRIVER 3 DID NOT PASS FILTER
[2026-04-30 19:04:06] DRIVER 33 PASSED FILTER, distance=0.0039km
[2026-04-30 19:04:06] WARNING: DRIVER 21 DID NOT PASS FILTER
[2026-04-30 19:04:06] DRIVER 13 PASSED FILTER, distance=0.0058km
[2026-04-30 19:04:06] WARNING: DRIVER 17 DID NOT PASS FILTER
[2026-04-30 19:04:06] DRIVER 12 PASSED FILTER, distance=0.0071km
[2026-04-30 19:04:06] WARNING: DRIVER 29 DID NOT PASS FILTER
[2026-04-30 19:04:06] DRIVER 8 PASSED FILTER, distance=0.0105km
[2026-04-30 19:04:06] DRIVER 27 PASSED FILTER, distance=0.0122km
[2026-04-30 19:04:06] TOTAL DRIVERS RETURNED: 5
[2026-04-30 19:04:06] TAXI TOTAL SENT: 0
[2026-04-30 19:04:06] TAXI DISPATCH START ride=183 limit=3
[2026-04-30 19:04:06] FIND NEAREST DRIVERS: lat=42.873572, lon=74.5764201, limit=9, radius=5km
[2026-04-30 19:04:06] REDIS RESULTS: [(3, 0.0024), (33, 0.0039), (21, 0.0039), (13, 0.0058), (17, 0.0063), (12, 0.0071), (29, 0.0102), (8, 0.0105), (27, 0.0122)]
[2026-04-30 19:04:06] DRIVERS AFTER FILTER: [33, 13, 8, 12, 27]
[2026-04-30 19:04:06] WARNING: DRIVER 3 DID NOT PASS FILTER
[2026-04-30 19:04:06] DRIVER 33 PASSED FILTER, distance=0.0039km
[2026-04-30 19:04:06] WARNING: DRIVER 21 DID NOT PASS FILTER
[2026-04-30 19:04:06] DRIVER 13 PASSED FILTER, distance=0.0058km
[2026-04-30 19:04:06] WARNING: DRIVER 17 DID NOT PASS FILTER
[2026-04-30 19:04:06] DRIVER 12 PASSED FILTER, distance=0.0071km
[2026-04-30 19:04:06] WARNING: DRIVER 29 DID NOT PASS FILTER
[2026-04-30 19:04:06] DRIVER 8 PASSED FILTER, distance=0.0105km
[2026-04-30 19:04:06] DRIVER 27 PASSED FILTER, distance=0.0122km
[2026-04-30 19:04:06] TOTAL DRIVERS RETURNED: 5
[2026-04-30 19:04:06] TAXI TOTAL SENT: 0
[2026-04-30 19:07:00] TAXI DISPATCH START ride=184 limit=1
[2026-04-30 19:07:00] FIND NEAREST DRIVERS: lat=42.873576, lon=74.5764153, limit=3, radius=5km
[2026-04-30 19:07:00] REDIS RESULTS: [(3, 0.0018), (21, 0.0037), (33, 0.0039)]
[2026-04-30 19:07:00] DRIVERS AFTER FILTER: [33]
[2026-04-30 19:07:00] WARNING: DRIVER 3 DID NOT PASS FILTER
[2026-04-30 19:07:00] WARNING: DRIVER 21 DID NOT PASS FILTER
[2026-04-30 19:07:00] DRIVER 33 PASSED FILTER, distance=0.0039km
[2026-04-30 19:07:00] TOTAL DRIVERS RETURNED: 1
[2026-04-30 19:07:00] TAXI TOTAL SENT: 1
[2026-04-30 19:07:12] TAXI DISPATCH START ride=184 limit=2
[2026-04-30 19:07:12] FIND NEAREST DRIVERS: lat=42.873576, lon=74.5764153, limit=6, radius=5km
[2026-04-30 19:07:12] REDIS RESULTS: [(3, 0.0018), (21, 0.0037), (33, 0.0039), (13, 0.0063), (12, 0.0066), (17, 0.0068)]
[2026-04-30 19:07:12] DRIVERS AFTER FILTER: [33, 13, 12]
[2026-04-30 19:07:12] WARNING: DRIVER 3 DID NOT PASS FILTER
[2026-04-30 19:07:12] WARNING: DRIVER 21 DID NOT PASS FILTER
[2026-04-30 19:07:12] DRIVER 33 PASSED FILTER, distance=0.0039km
[2026-04-30 19:07:12] DRIVER 13 PASSED FILTER, distance=0.0063km
[2026-04-30 19:07:12] DRIVER 12 PASSED FILTER, distance=0.0066km
[2026-04-30 19:07:12] WARNING: DRIVER 17 DID NOT PASS FILTER
[2026-04-30 19:07:12] TOTAL DRIVERS RETURNED: 3
[2026-04-30 19:07:12] TAXI TOTAL SENT: 2
[2026-04-30 19:07:13] WS DISCONNECTED: user_16, code=1000
[2026-04-30 19:07:17] WS CONNECTED: user=16 group=user_16
[2026-04-30 19:07:24] TAXI DISPATCH START ride=184 limit=3
[2026-04-30 19:07:24] FIND NEAREST DRIVERS: lat=42.873576, lon=74.5764153, limit=9, radius=5km
[2026-04-30 19:07:24] REDIS RESULTS: [(3, 0.0018), (21, 0.0037), (33, 0.0039), (13, 0.0063), (12, 0.0066), (17, 0.0068), (8, 0.0101), (29, 0.0105), (27, 0.0124)]
[2026-04-30 19:07:24] DRIVERS AFTER FILTER: [33, 13, 8, 12, 27]
[2026-04-30 19:07:24] WARNING: DRIVER 3 DID NOT PASS FILTER
[2026-04-30 19:07:24] WARNING: DRIVER 21 DID NOT PASS FILTER
[2026-04-30 19:07:24] DRIVER 33 PASSED FILTER, distance=0.0039km
[2026-04-30 19:07:24] DRIVER 13 PASSED FILTER, distance=0.0063km
[2026-04-30 19:07:24] DRIVER 12 PASSED FILTER, distance=0.0066km
[2026-04-30 19:07:24] WARNING: DRIVER 17 DID NOT PASS FILTER
[2026-04-30 19:07:24] DRIVER 8 PASSED FILTER, distance=0.0101km
[2026-04-30 19:07:24] WARNING: DRIVER 29 DID NOT PASS FILTER
[2026-04-30 19:07:24] DRIVER 27 PASSED FILTER, distance=0.0124km
[2026-04-30 19:07:24] TOTAL DRIVERS RETURNED: 5
[2026-04-30 19:07:24] TAXI TOTAL SENT: 2
[2026-04-30 19:07:39] TAXI DISPATCH START ride=184 limit=1
[2026-04-30 19:07:39] FIND NEAREST DRIVERS: lat=42.873576, lon=74.5764153, limit=3, radius=5km
[2026-04-30 19:07:39] REDIS RESULTS: [(3, 0.0018), (21, 0.0037), (33, 0.0039)]
[2026-04-30 19:07:39] DRIVERS AFTER FILTER: [33]
[2026-04-30 19:07:39] WARNING: DRIVER 3 DID NOT PASS FILTER
[2026-04-30 19:07:39] WARNING: DRIVER 21 DID NOT PASS FILTER
[2026-04-30 19:07:39] DRIVER 33 PASSED FILTER, distance=0.0039km
[2026-04-30 19:07:39] TOTAL DRIVERS RETURNED: 1
[2026-04-30 19:07:39] TAXI TOTAL SENT: 0
[2026-04-30 19:07:39] TAXI DISPATCH START ride=184 limit=1
[2026-04-30 19:07:39] FIND NEAREST DRIVERS: lat=42.873576, lon=74.5764153, limit=3, radius=5km
[2026-04-30 19:07:39] REDIS RESULTS: [(3, 0.0018), (21, 0.0037), (33, 0.0039)]
[2026-04-30 19:07:39] DRIVERS AFTER FILTER: [33]
[2026-04-30 19:07:39] WARNING: DRIVER 3 DID NOT PASS FILTER
[2026-04-30 19:07:39] WARNING: DRIVER 21 DID NOT PASS FILTER
[2026-04-30 19:07:39] DRIVER 33 PASSED FILTER, distance=0.0039km
[2026-04-30 19:07:39] TOTAL DRIVERS RETURNED: 1
[2026-04-30 19:07:39] TAXI TOTAL SENT: 0
[2026-04-30 19:07:39] TAXI DISPATCH START ride=184 limit=2
[2026-04-30 19:07:39] FIND NEAREST DRIVERS: lat=42.873576, lon=74.5764153, limit=6, radius=5km
[2026-04-30 19:07:39] REDIS RESULTS: [(3, 0.0018), (21, 0.0037), (33, 0.0039), (13, 0.0063), (12, 0.0066), (17, 0.0068)]
[2026-04-30 19:07:39] DRIVERS AFTER FILTER: [33, 13, 12]
[2026-04-30 19:07:39] WARNING: DRIVER 3 DID NOT PASS FILTER
[2026-04-30 19:07:39] WARNING: DRIVER 21 DID NOT PASS FILTER
[2026-04-30 19:07:39] DRIVER 33 PASSED FILTER, distance=0.0039km
[2026-04-30 19:07:39] DRIVER 13 PASSED FILTER, distance=0.0063km
[2026-04-30 19:07:39] DRIVER 12 PASSED FILTER, distance=0.0066km
[2026-04-30 19:07:39] WARNING: DRIVER 17 DID NOT PASS FILTER
[2026-04-30 19:07:39] TOTAL DRIVERS RETURNED: 3
[2026-04-30 19:07:39] TAXI TOTAL SENT: 0
[2026-04-30 19:07:39] TAXI DISPATCH START ride=184 limit=2
[2026-04-30 19:07:39] FIND NEAREST DRIVERS: lat=42.873576, lon=74.5764153, limit=6, radius=5km
[2026-04-30 19:07:39] REDIS RESULTS: [(3, 0.0018), (21, 0.0037), (33, 0.0039), (13, 0.0063), (12, 0.0066), (17, 0.0068)]
[2026-04-30 19:07:39] DRIVERS AFTER FILTER: [33, 13, 12]
[2026-04-30 19:07:39] WARNING: DRIVER 3 DID NOT PASS FILTER
[2026-04-30 19:07:39] WARNING: DRIVER 21 DID NOT PASS FILTER
[2026-04-30 19:07:39] DRIVER 33 PASSED FILTER, distance=0.0039km
[2026-04-30 19:07:39] DRIVER 13 PASSED FILTER, distance=0.0063km
[2026-04-30 19:07:39] DRIVER 12 PASSED FILTER, distance=0.0066km
[2026-04-30 19:07:39] WARNING: DRIVER 17 DID NOT PASS FILTER
[2026-04-30 19:07:39] TOTAL DRIVERS RETURNED: 3
[2026-04-30 19:07:39] TAXI TOTAL SENT: 0
[2026-04-30 19:07:39] TAXI DISPATCH START ride=184 limit=3
[2026-04-30 19:07:39] FIND NEAREST DRIVERS: lat=42.873576, lon=74.5764153, limit=9, radius=5km
[2026-04-30 19:07:39] REDIS RESULTS: [(3, 0.0018), (21, 0.0037), (33, 0.0039), (13, 0.0063), (12, 0.0066), (17, 0.0068), (8, 0.0101), (29, 0.0105), (27, 0.0124)]
[2026-04-30 19:07:39] DRIVERS AFTER FILTER: [33, 13, 8, 12, 27]
[2026-04-30 19:07:39] WARNING: DRIVER 3 DID NOT PASS FILTER
[2026-04-30 19:07:39] WARNING: DRIVER 21 DID NOT PASS FILTER
[2026-04-30 19:07:39] DRIVER 33 PASSED FILTER, distance=0.0039km
[2026-04-30 19:07:39] DRIVER 13 PASSED FILTER, distance=0.0063km
[2026-04-30 19:07:39] DRIVER 12 PASSED FILTER, distance=0.0066km
[2026-04-30 19:07:39] WARNING: DRIVER 17 DID NOT PASS FILTER
[2026-04-30 19:07:39] DRIVER 8 PASSED FILTER, distance=0.0101km
[2026-04-30 19:07:39] WARNING: DRIVER 29 DID NOT PASS FILTER
[2026-04-30 19:07:39] DRIVER 27 PASSED FILTER, distance=0.0124km
[2026-04-30 19:07:39] TOTAL DRIVERS RETURNED: 5
[2026-04-30 19:07:39] TAXI TOTAL SENT: 0
[2026-04-30 19:07:39] TAXI DISPATCH START ride=184 limit=3
[2026-04-30 19:07:39] FIND NEAREST DRIVERS: lat=42.873576, lon=74.5764153, limit=9, radius=5km
[2026-04-30 19:07:39] REDIS RESULTS: [(3, 0.0018), (21, 0.0037), (33, 0.0039), (13, 0.0063), (12, 0.0066), (17, 0.0068), (8, 0.0101), (29, 0.0105), (27, 0.0124)]
[2026-04-30 19:07:39] DRIVERS AFTER FILTER: [33, 13, 8, 12, 27]
[2026-04-30 19:07:39] WARNING: DRIVER 3 DID NOT PASS FILTER
[2026-04-30 19:07:39] WARNING: DRIVER 21 DID NOT PASS FILTER
[2026-04-30 19:07:39] DRIVER 33 PASSED FILTER, distance=0.0039km
[2026-04-30 19:07:39] DRIVER 13 PASSED FILTER, distance=0.0063km
[2026-04-30 19:07:39] DRIVER 12 PASSED FILTER, distance=0.0066km
[2026-04-30 19:07:39] WARNING: DRIVER 17 DID NOT PASS FILTER
[2026-04-30 19:07:39] DRIVER 8 PASSED FILTER, distance=0.0101km
[2026-04-30 19:07:39] WARNING: DRIVER 29 DID NOT PASS FILTER
[2026-04-30 19:07:39] DRIVER 27 PASSED FILTER, distance=0.0124km
[2026-04-30 19:07:39] TOTAL DRIVERS RETURNED: 5
[2026-04-30 19:07:39] TAXI TOTAL SENT: 0
[2026-04-30 19:08:08] WS DISCONNECTED: user_16, code=1006
[2026-05-01 12:35:32] WS CONNECTED: user=2 group=user_2
[2026-05-01 12:37:25] DISPATCH START delivery=16477 limit=1
[2026-05-01 12:37:25] FIND NEAREST COURIERS: lat=42.873571, lon=74.5764204, limit=3, radius=5km
[2026-05-01 12:37:25] REDIS RESULTS: [(2, 0.0001)]
[2026-05-01 12:37:25] COURIERS AFTER FILTER: [2]
[2026-05-01 12:37:25] COURIER 2 PASSED FILTER, distance=0.0001km
[2026-05-01 12:37:25] TOTAL COURIERS RETURNED: 1
[2026-05-01 12:37:25] NEAREST FOUND: [(2, 0.0001)]
[2026-05-01 12:37:25] CHECK COURIER id=2 distance=0.0001
[2026-05-01 12:37:25] MATCH courier=2 zone_id=2 dropoff_lat=42.949327 dropoff_lon=74.585662 result=False
[2026-05-01 12:37:25] SKIP courier=2 (darkstore/zone mismatch delivery=16477)
[2026-05-01 12:37:25] TOTAL SENT: 0
[2026-05-01 12:37:25] DISPATCH START delivery=16477 limit=3
[2026-05-01 12:37:25] FIND NEAREST COURIERS: lat=42.873571, lon=74.5764204, limit=9, radius=5km
[2026-05-01 12:37:25] REDIS RESULTS: [(2, 0.0001)]
[2026-05-01 12:37:25] COURIERS AFTER FILTER: [2]
[2026-05-01 12:37:25] COURIER 2 PASSED FILTER, distance=0.0001km
[2026-05-01 12:37:25] TOTAL COURIERS RETURNED: 1
[2026-05-01 12:37:25] NEAREST FOUND: [(2, 0.0001)]
[2026-05-01 12:37:25] CHECK COURIER id=2 distance=0.0001
[2026-05-01 12:37:25] MATCH courier=2 zone_id=2 dropoff_lat=42.949327 dropoff_lon=74.585662 result=False
[2026-05-01 12:37:25] SKIP courier=2 (darkstore/zone mismatch delivery=16477)
[2026-05-01 12:37:25] TOTAL SENT: 0
[2026-05-01 12:37:25] DISPATCH START delivery=16477 limit=5
[2026-05-01 12:37:25] FIND NEAREST COURIERS: lat=42.873571, lon=74.5764204, limit=15, radius=5km
[2026-05-01 12:37:25] REDIS RESULTS: [(2, 0.0001)]
[2026-05-01 12:37:25] COURIERS AFTER FILTER: [2]
[2026-05-01 12:37:25] COURIER 2 PASSED FILTER, distance=0.0001km
[2026-05-01 12:37:25] TOTAL COURIERS RETURNED: 1
[2026-05-01 12:37:25] NEAREST FOUND: [(2, 0.0001)]
[2026-05-01 12:37:25] CHECK COURIER id=2 distance=0.0001
[2026-05-01 12:37:25] MATCH courier=2 zone_id=2 dropoff_lat=42.949327 dropoff_lon=74.585662 result=False
[2026-05-01 12:37:25] SKIP courier=2 (darkstore/zone mismatch delivery=16477)
[2026-05-01 12:37:25] TOTAL SENT: 0
[2026-05-01 12:38:51] DISPATCH START delivery=16478 limit=1
[2026-05-01 12:38:51] FIND NEAREST COURIERS: lat=42.873571, lon=74.5764204, limit=3, radius=5km
[2026-05-01 12:38:51] REDIS RESULTS: [(2, 0.0001)]
[2026-05-01 12:38:51] COURIERS AFTER FILTER: [2]
[2026-05-01 12:38:51] COURIER 2 PASSED FILTER, distance=0.0001km
[2026-05-01 12:38:51] TOTAL COURIERS RETURNED: 1
[2026-05-01 12:38:51] NEAREST FOUND: [(2, 0.0001)]
[2026-05-01 12:38:51] CHECK COURIER id=2 distance=0.0001
[2026-05-01 12:38:51] MATCH courier=2 zone_id=1 dropoff_lat=42.949327 dropoff_lon=74.585662 result=True
[2026-05-01 12:38:51] AFTER MATCH courier=2
[2026-05-01 12:38:51] AFTER SLOT CHECK courier=2
[2026-05-01 12:38:51] DETOUR START courier=2 delivery=16478
[2026-05-01 12:38:51] DETOUR DATA courier=2 pending_points=0 pickup=(42.873571,74.5764204) dropoff=(42.949327,74.585662)
[2026-05-01 12:38:51] ROUTE PLAN courier=2: {'points': [RoutePoint(delivery_id=16478, stop_type='pickup', lat=42.873571, lon=74.5764204, sequence=0), RoutePoint(delivery_id=16478, stop_type='dropoff', lat=42.949327, lon=74.585662, sequence=0)], 'distance_km': 8.45723905703852, 'eta_sec': 1217, 'detour_km': 0, 'detour_sec': 0}
[2026-05-01 12:38:51] OFFER SENT id=210 courier=2
[2026-05-01 12:38:51] TOTAL SENT: 1
[2026-05-01 12:38:51] SEND WS EVENT: group=user_2, offer=210
[2026-05-01 12:38:51] WS EVENT SENT: group=user_2, offer=210
[2026-05-01 12:38:51] NEW OFFER: {'type': 'new_offer', 'offer_kind': 'courier', 'offer_id': 210, 'expires_at': '2026-05-01T06:39:11.488727+00:00', 'delivery': {'id': 16478, 'point_a': 'string', 'point_b': 'string', 'pickup_lat': 42.873571, 'pickup_lon': 74.5764204, 'dropoff_lat': 42.949327, 'dropoff_lon': 74.585662, 'delivery_status': 'searching_courier', 'type_delivery': 'express', 'price': None, 'pickup_at': None, 'delivered_at': None, 'time_left': 0, 'deadline_at': '2026-05-01T12:30:59.070000+06:00', 'door_to_door': True, 'sender_name': 'string', 'sender_phone': 'string', 'recipient_name': 'string', 'recipient_phone': 'string', 'pickup_entrance': 'string', 'pickup_floor': 'string', 'pickup_apartment': 'string', 'pickup_intercom': 'string', 'pickup_comment': 'string', 'dropoff_entrance': 'string', 'dropoff_floor': 'string', 'dropoff_apartment': 'string', 'dropoff_intercom': 'string', 'dropoff_comment': 'string', 'client_comment': 'string', 'created_at': '2026-05-01T12:38:51.452215+06:00'}}
[2026-05-01 12:38:51] WS SEND PAYLOAD: {"type": "new_offer", "offer_kind": "courier", "offer_id": 210, "expires_at": "2026-05-01T06:39:11.488727+00:00", "delivery": {"id": 16478, "point_a": "string", "point_b": "string", "pickup_lat": 42.873571, "pickup_lon": 74.5764204, "dropoff_lat": 42.949327, "dropoff_lon": 74.585662, "delivery_status": "searching_courier", "type_delivery": "express", "price": null, "pickup_at": null, "delivered_at": null, "time_left": 0, "deadline_at": "2026-05-01T12:30:59.070000+06:00", "door_to_door": true, "sender_name": "string", "sender_phone": "string", "recipient_name": "string", "recipient_phone": "string", "pickup_entrance": "string", "pickup_floor": "string", "pickup_apartment": "string", "pickup_intercom": "string", "pickup_comment": "string", "dropoff_entrance": "string", "dropoff_floor": "string", "dropoff_apartment": "string", "dropoff_intercom": "string", "dropoff_comment": "string", "client_comment": "string", "created_at": "2026-05-01T12:38:51.452215+06:00"}}
[2026-05-01 12:38:51] WS SEND SUCCESS
[2026-05-01 12:39:06] DISPATCH START delivery=16478 limit=3
[2026-05-01 12:39:06] FIND NEAREST COURIERS: lat=42.873571, lon=74.5764204, limit=9, radius=5km
[2026-05-01 12:39:06] REDIS RESULTS: [(2, 0.0001)]
[2026-05-01 12:39:06] COURIERS AFTER FILTER: [2]
[2026-05-01 12:39:06] COURIER 2 PASSED FILTER, distance=0.0001km
[2026-05-01 12:39:06] TOTAL COURIERS RETURNED: 1
[2026-05-01 12:39:06] NEAREST FOUND: [(2, 0.0001)]
[2026-05-01 12:39:06] CHECK COURIER id=2 distance=0.0001
[2026-05-01 12:39:06] MATCH courier=2 zone_id=1 dropoff_lat=42.949327 dropoff_lon=74.585662 result=True
[2026-05-01 12:39:06] AFTER MATCH courier=2
[2026-05-01 12:39:06] AFTER SLOT CHECK courier=2
[2026-05-01 12:39:06] DETOUR START courier=2 delivery=16478
[2026-05-01 12:39:06] DETOUR DATA courier=2 pending_points=0 pickup=(42.873571,74.5764204) dropoff=(42.949327,74.585662)
[2026-05-01 12:39:06] ROUTE PLAN courier=2: {'points': [RoutePoint(delivery_id=16478, stop_type='pickup', lat=42.873571, lon=74.5764204, sequence=0), RoutePoint(delivery_id=16478, stop_type='dropoff', lat=42.949327, lon=74.585662, sequence=0)], 'distance_km': 8.45723905703852, 'eta_sec': 1217, 'detour_km': 0, 'detour_sec': 0}
[2026-05-01 12:39:06] SKIP courier=2 (already has offer)
[2026-05-01 12:39:06] TOTAL SENT: 0
[2026-05-01 12:39:06] DETOUR START courier=2 delivery=16478
[2026-05-01 12:39:06] DETOUR DATA courier=2 pending_points=0 pickup=(42.873571,74.5764204) dropoff=(42.949327,74.585662)
[2026-05-01 12:53:05] DISPATCH START delivery=16479 limit=1
[2026-05-01 12:53:05] FIND NEAREST COURIERS: lat=42.873571, lon=74.5764204, limit=3, radius=5km
[2026-05-01 12:53:05] REDIS RESULTS: [(2, 0.0001)]
[2026-05-01 12:53:05] COURIERS AFTER FILTER: [2]
[2026-05-01 12:53:05] COURIER 2 PASSED FILTER, distance=0.0001km
[2026-05-01 12:53:05] TOTAL COURIERS RETURNED: 1
[2026-05-01 12:53:05] NEAREST FOUND: [(2, 0.0001)]
[2026-05-01 12:53:05] CHECK COURIER id=2 distance=0.0001
[2026-05-01 12:53:05] MATCH courier=2 zone_id=1 dropoff_lat=42.949327 dropoff_lon=74.585662 result=True
[2026-05-01 12:53:05] AFTER MATCH courier=2
[2026-05-01 12:53:05] AFTER SLOT CHECK courier=2
[2026-05-01 12:53:05] DETOUR START courier=2 delivery=16479
[2026-05-01 12:53:05] DETOUR DATA courier=2 pending_points=0 pickup=(42.873571,74.5764204) dropoff=(42.949327,74.585662)
[2026-05-01 12:53:05] ROUTE PLAN courier=2: {'points': [RoutePoint(delivery_id=16479, stop_type='pickup', lat=42.873571, lon=74.5764204, sequence=0), RoutePoint(delivery_id=16479, stop_type='dropoff', lat=42.949327, lon=74.585662, sequence=0)], 'distance_km': 8.45723905703852, 'eta_sec': 1217, 'detour_km': 0, 'detour_sec': 0}
[2026-05-01 12:53:05] OFFER SENT id=211 courier=2
[2026-05-01 12:53:05] TOTAL SENT: 1
[2026-05-01 12:53:05] SEND WS EVENT: group=user_2, offer=211
[2026-05-01 12:53:05] WS EVENT SENT: group=user_2, offer=211
[2026-05-01 12:53:05] NEW OFFER: {'type': 'new_offer', 'offer_kind': 'courier', 'offer_id': 211, 'expires_at': '2026-05-01T06:53:25.064587+00:00', 'delivery': {'id': 16479, 'point_a': 'string', 'point_b': 'string', 'pickup_lat': 42.873571, 'pickup_lon': 74.5764204, 'dropoff_lat': 42.949327, 'dropoff_lon': 74.585662, 'delivery_status': 'searching_courier', 'type_delivery': 'express', 'price': '530.00', 'pickup_at': None, 'delivered_at': None, 'time_left': 0, 'deadline_at': '2026-05-01T12:30:59.070000+06:00', 'door_to_door': True, 'sender_name': 'string', 'sender_phone': 'string', 'recipient_name': 'string', 'recipient_phone': 'string', 'pickup_entrance': 'string', 'pickup_floor': 'string', 'pickup_apartment': 'string', 'pickup_intercom': 'string', 'pickup_comment': 'string', 'dropoff_entrance': 'string', 'dropoff_floor': 'string', 'dropoff_apartment': 'string', 'dropoff_intercom': 'string', 'dropoff_comment': 'string', 'client_comment': 'string', 'created_at': '2026-05-01T12:53:04.849903+06:00'}}
[2026-05-01 12:53:05] WS SEND PAYLOAD: {"type": "new_offer", "offer_kind": "courier", "offer_id": 211, "expires_at": "2026-05-01T06:53:25.064587+00:00", "delivery": {"id": 16479, "point_a": "string", "point_b": "string", "pickup_lat": 42.873571, "pickup_lon": 74.5764204, "dropoff_lat": 42.949327, "dropoff_lon": 74.585662, "delivery_status": "searching_courier", "type_delivery": "express", "price": "530.00", "pickup_at": null, "delivered_at": null, "time_left": 0, "deadline_at": "2026-05-01T12:30:59.070000+06:00", "door_to_door": true, "sender_name": "string", "sender_phone": "string", "recipient_name": "string", "recipient_phone": "string", "pickup_entrance": "string", "pickup_floor": "string", "pickup_apartment": "string", "pickup_intercom": "string", "pickup_comment": "string", "dropoff_entrance": "string", "dropoff_floor": "string", "dropoff_apartment": "string", "dropoff_intercom": "string", "dropoff_comment": "string", "client_comment": "string", "created_at": "2026-05-01T12:53:04.849903+06:00"}}
[2026-05-01 12:53:05] WS SEND SUCCESS
[2026-05-01 12:53:14] DETOUR START courier=2 delivery=16479
[2026-05-01 12:53:14] DETOUR DATA courier=2 pending_points=0 pickup=(42.873571,74.5764204) dropoff=(42.949327,74.585662)
[2026-05-01 12:55:49] DISPATCH START delivery=16480 limit=1
[2026-05-01 12:55:49] FIND NEAREST COURIERS: lat=42.873571, lon=74.5764204, limit=3, radius=5km
[2026-05-01 12:55:49] REDIS RESULTS: [(2, 0.0001)]
[2026-05-01 12:55:49] COURIERS AFTER FILTER: [2]
[2026-05-01 12:55:49] COURIER 2 PASSED FILTER, distance=0.0001km
[2026-05-01 12:55:49] TOTAL COURIERS RETURNED: 1
[2026-05-01 12:55:49] NEAREST FOUND: [(2, 0.0001)]
[2026-05-01 12:55:49] CHECK COURIER id=2 distance=0.0001
[2026-05-01 12:55:49] MATCH courier=2 zone_id=1 dropoff_lat=42.949327 dropoff_lon=74.585662 result=True
[2026-05-01 12:55:49] AFTER MATCH courier=2
[2026-05-01 12:55:49] AFTER SLOT CHECK courier=2
[2026-05-01 12:55:49] DETOUR START courier=2 delivery=16480
[2026-05-01 12:55:49] DETOUR DATA courier=2 pending_points=0 pickup=(42.873571,74.5764204) dropoff=(42.949327,74.585662)
[2026-05-01 12:55:49] ROUTE PLAN courier=2: {'points': [RoutePoint(delivery_id=16480, stop_type='pickup', lat=42.873571, lon=74.5764204, sequence=0), RoutePoint(delivery_id=16480, stop_type='dropoff', lat=42.949327, lon=74.585662, sequence=0)], 'distance_km': 8.45723905703852, 'eta_sec': 1217, 'detour_km': 0, 'detour_sec': 0}
[2026-05-01 12:55:49] OFFER SENT id=212 courier=2
[2026-05-01 12:55:49] TOTAL SENT: 1
[2026-05-01 12:55:49] SEND WS EVENT: group=user_2, offer=212
[2026-05-01 12:55:49] WS EVENT SENT: group=user_2, offer=212
[2026-05-01 12:55:49] NEW OFFER: {'type': 'new_offer', 'offer_kind': 'courier', 'offer_id': 212, 'expires_at': '2026-05-01T06:56:09.250275+00:00', 'delivery': {'id': 16480, 'point_a': 'string', 'point_b': 'string', 'pickup_lat': 42.873571, 'pickup_lon': 74.5764204, 'dropoff_lat': 42.949327, 'dropoff_lon': 74.585662, 'delivery_status': 'searching_courier', 'type_delivery': 'express', 'price': '530.00', 'pickup_at': None, 'delivered_at': None, 'time_left': 0, 'deadline_at': '2026-05-01T12:30:59.070000+06:00', 'door_to_door': True, 'sender_name': 'string', 'sender_phone': 'string', 'recipient_name': 'string', 'recipient_phone': 'string', 'pickup_entrance': 'string', 'pickup_floor': 'string', 'pickup_apartment': 'string', 'pickup_intercom': 'string', 'pickup_comment': 'string', 'dropoff_entrance': 'string', 'dropoff_floor': 'string', 'dropoff_apartment': 'string', 'dropoff_intercom': 'string', 'dropoff_comment': 'string', 'client_comment': 'string', 'created_at': '2026-05-01T12:55:49.186947+06:00'}}
[2026-05-01 12:55:49] WS SEND PAYLOAD: {"type": "new_offer", "offer_kind": "courier", "offer_id": 212, "expires_at": "2026-05-01T06:56:09.250275+00:00", "delivery": {"id": 16480, "point_a": "string", "point_b": "string", "pickup_lat": 42.873571, "pickup_lon": 74.5764204, "dropoff_lat": 42.949327, "dropoff_lon": 74.585662, "delivery_status": "searching_courier", "type_delivery": "express", "price": "530.00", "pickup_at": null, "delivered_at": null, "time_left": 0, "deadline_at": "2026-05-01T12:30:59.070000+06:00", "door_to_door": true, "sender_name": "string", "sender_phone": "string", "recipient_name": "string", "recipient_phone": "string", "pickup_entrance": "string", "pickup_floor": "string", "pickup_apartment": "string", "pickup_intercom": "string", "pickup_comment": "string", "dropoff_entrance": "string", "dropoff_floor": "string", "dropoff_apartment": "string", "dropoff_intercom": "string", "dropoff_comment": "string", "client_comment": "string", "created_at": "2026-05-01T12:55:49.186947+06:00"}}
[2026-05-01 12:55:49] WS SEND SUCCESS
[2026-05-01 12:55:56] DETOUR START courier=2 delivery=16480
[2026-05-01 12:55:56] DETOUR DATA courier=2 pending_points=0 pickup=(42.873571,74.5764204) dropoff=(42.949327,74.585662)
[2026-05-01 12:59:39] WS DISCONNECTED: user_2, code=1000
[2026-05-01 12:59:43] WS CONNECTED: user=8 group=user_8
[2026-05-01 13:01:41] TAXI DISPATCH START ride=185 limit=1
[2026-05-01 13:01:41] FIND NEAREST DRIVERS: lat=42.8736675, lon=74.5764176, limit=3, radius=5km
[2026-05-01 13:01:41] REDIS RESULTS: [(8, 0.0002), (3, 0.0086), (12, 0.0113)]
[2026-05-01 13:01:41] DRIVERS AFTER FILTER: [12, 8]
[2026-05-01 13:01:41] DRIVER 8 PASSED FILTER, distance=0.0002km
[2026-05-01 13:01:41] WARNING: DRIVER 3 DID NOT PASS FILTER
[2026-05-01 13:01:41] DRIVER 12 PASSED FILTER, distance=0.0113km
[2026-05-01 13:01:41] TOTAL DRIVERS RETURNED: 2
[2026-05-01 13:01:41] TAXI TOTAL SENT: 1
[2026-05-01 13:01:41] NEW OFFER: {'type': 'new_offer', 'offer_kind': 'taxi', 'offer_id': 732, 'expires_at': '2026-05-01T07:01:56.905306+00:00', 'ride': {'id': 185, 'point_a': 'string', 'point_b': 'string', 'pickup_lat': 42.8736675, 'pickup_lon': 74.5764176, 'dropoff_lat': 42.949327, 'dropoff_lon': 74.585662, 'status': 'searching_driver', 'car_class': 'econom', 'passengers': 1, 'client_comment': '', 'distance_km': '9.83', 'duration_min': 23, 'price': '382.45', 'estimated_price': '382.45', 'total_price': '382.45', 'surge_multiplier': '1.00', 'base_fare': '100.00', 'per_km_rate': '15.00', 'per_min_rate': '10.00', 'included_km': '3.00', 'included_min': 5, 'commission_percent': '5.00', 'commission_amount': '19.12', 'driver_payout': '363.33', 'payment_method': 'cash', 'payment_status': 'unpaid', 'requested_at': '2026-05-01T13:01:41.843277+06:00', 'assigned_at': None, 'accepted_at': None, 'arrived_at': None, 'started_at': None, 'completed_at': None, 'canceled_at': None, 'order_code': '', 'canceled_by': None, 'cancel_reason': '', 'updated_at': '2026-05-01T13:01:41.843306+06:00', 'is_hidden_for_client': False, 'client': 37, 'driver': None}}
[2026-05-01 13:01:41] WS SEND PAYLOAD: {"type": "new_offer", "offer_kind": "taxi", "offer_id": 732, "expires_at": "2026-05-01T07:01:56.905306+00:00", "ride": {"id": 185, "point_a": "string", "point_b": "string", "pickup_lat": 42.8736675, "pickup_lon": 74.5764176, "dropoff_lat": 42.949327, "dropoff_lon": 74.585662, "status": "searching_driver", "car_class": "econom", "passengers": 1, "client_comment": "", "distance_km": "9.83", "duration_min": 23, "price": "382.45", "estimated_price": "382.45", "total_price": "382.45", "surge_multiplier": "1.00", "base_fare": "100.00", "per_km_rate": "15.00", "per_min_rate": "10.00", "included_km": "3.00", "included_min": 5, "commission_percent": "5.00", "commission_amount": "19.12", "driver_payout": "363.33", "payment_method": "cash", "payment_status": "unpaid", "requested_at": "2026-05-01T13:01:41.843277+06:00", "assigned_at": null, "accepted_at": null, "arrived_at": null, "started_at": null, "completed_at": null, "canceled_at": null, "order_code": "", "canceled_by": null, "cancel_reason": "", "updated_at": "2026-05-01T13:01:41.843306+06:00", "is_hidden_for_client": false, "client": 37, "driver": null}}
[2026-05-01 13:01:41] WS SEND SUCCESS
[2026-05-01 13:08:35] WS DISCONNECTED: user_8, code=1006
[2026-05-04 14:03:10] TAXI DISPATCH START ride=186 limit=1
[2026-05-04 14:03:10] FIND NEAREST DRIVERS: lat=42.8735606, lon=74.5763751, limit=3, radius=5km
[2026-05-04 14:03:10] REDIS RESULTS: [(21, 0.0005), (33, 0.0014), (3, 0.0041)]
[2026-05-04 14:03:10] DRIVERS AFTER FILTER: [33]
[2026-05-04 14:03:10] WARNING: DRIVER 21 DID NOT PASS FILTER
[2026-05-04 14:03:10] DRIVER 33 PASSED FILTER, distance=0.0014km
[2026-05-04 14:03:10] WARNING: DRIVER 3 DID NOT PASS FILTER
[2026-05-04 14:03:10] TOTAL DRIVERS RETURNED: 1
[2026-05-04 14:03:10] TAXI TOTAL SENT: 1
[2026-05-04 14:03:14] WS CONNECTED: user=72 group=user_72
[2026-05-04 14:03:22] TAXI DISPATCH START ride=186 limit=2
[2026-05-04 14:03:22] FIND NEAREST DRIVERS: lat=42.8735606, lon=74.5763751, limit=6, radius=5km
[2026-05-04 14:03:22] REDIS RESULTS: [(21, 0.0005), (33, 0.0014), (3, 0.0041), (12, 0.0043), (17, 0.007), (13, 0.0094)]
[2026-05-04 14:03:22] DRIVERS AFTER FILTER: [33, 13, 12]
[2026-05-04 14:03:22] WARNING: DRIVER 21 DID NOT PASS FILTER
[2026-05-04 14:03:22] DRIVER 33 PASSED FILTER, distance=0.0014km
[2026-05-04 14:03:22] WARNING: DRIVER 3 DID NOT PASS FILTER
[2026-05-04 14:03:22] DRIVER 12 PASSED FILTER, distance=0.0043km
[2026-05-04 14:03:22] WARNING: DRIVER 17 DID NOT PASS FILTER
[2026-05-04 14:03:22] DRIVER 13 PASSED FILTER, distance=0.0094km
[2026-05-04 14:03:22] TOTAL DRIVERS RETURNED: 3
[2026-05-04 14:03:22] TAXI TOTAL SENT: 2
[2026-05-04 14:03:34] TAXI DISPATCH START ride=186 limit=3
[2026-05-04 14:03:34] FIND NEAREST DRIVERS: lat=42.8735606, lon=74.5763751, limit=9, radius=5km
[2026-05-04 14:03:34] REDIS RESULTS: [(21, 0.0005), (33, 0.0014), (3, 0.0041), (12, 0.0043), (17, 0.007), (13, 0.0094), (27, 0.0097), (8, 0.0122), (29, 0.014)]
[2026-05-04 14:03:34] DRIVERS AFTER FILTER: [33, 13, 12, 27]
[2026-05-04 14:03:34] WARNING: DRIVER 21 DID NOT PASS FILTER
[2026-05-04 14:03:34] DRIVER 33 PASSED FILTER, distance=0.0014km
[2026-05-04 14:03:34] WARNING: DRIVER 3 DID NOT PASS FILTER
[2026-05-04 14:03:34] DRIVER 12 PASSED FILTER, distance=0.0043km
[2026-05-04 14:03:34] WARNING: DRIVER 17 DID NOT PASS FILTER
[2026-05-04 14:03:34] DRIVER 13 PASSED FILTER, distance=0.0094km
[2026-05-04 14:03:34] DRIVER 27 PASSED FILTER, distance=0.0097km
[2026-05-04 14:03:34] WARNING: DRIVER 8 DID NOT PASS FILTER
[2026-05-04 14:03:34] WARNING: DRIVER 29 DID NOT PASS FILTER
[2026-05-04 14:03:34] TOTAL DRIVERS RETURNED: 4
[2026-05-04 14:03:34] TAXI TOTAL SENT: 1
[2026-05-04 14:03:49] TAXI DISPATCH START ride=186 limit=1
[2026-05-04 14:03:49] FIND NEAREST DRIVERS: lat=42.8735606, lon=74.5763751, limit=3, radius=5km
[2026-05-04 14:03:49] REDIS RESULTS: [(21, 0.0005), (33, 0.0014), (3, 0.0041)]
[2026-05-04 14:03:49] DRIVERS AFTER FILTER: [33]
[2026-05-04 14:03:49] WARNING: DRIVER 21 DID NOT PASS FILTER
[2026-05-04 14:03:49] DRIVER 33 PASSED FILTER, distance=0.0014km
[2026-05-04 14:03:49] WARNING: DRIVER 3 DID NOT PASS FILTER
[2026-05-04 14:03:49] TOTAL DRIVERS RETURNED: 1
[2026-05-04 14:03:49] TAXI TOTAL SENT: 0
[2026-05-04 14:03:49] TAXI DISPATCH START ride=186 limit=2
[2026-05-04 14:03:49] FIND NEAREST DRIVERS: lat=42.8735606, lon=74.5763751, limit=6, radius=5km
[2026-05-04 14:03:49] REDIS RESULTS: [(21, 0.0005), (33, 0.0014), (3, 0.0041), (12, 0.0043), (17, 0.007), (13, 0.0094)]
[2026-05-04 14:03:49] DRIVERS AFTER FILTER: [33, 13, 12]
[2026-05-04 14:03:49] WARNING: DRIVER 21 DID NOT PASS FILTER
[2026-05-04 14:03:49] DRIVER 33 PASSED FILTER, distance=0.0014km
[2026-05-04 14:03:49] WARNING: DRIVER 3 DID NOT PASS FILTER
[2026-05-04 14:03:49] DRIVER 12 PASSED FILTER, distance=0.0043km
[2026-05-04 14:03:49] WARNING: DRIVER 17 DID NOT PASS FILTER
[2026-05-04 14:03:49] DRIVER 13 PASSED FILTER, distance=0.0094km
[2026-05-04 14:03:49] TOTAL DRIVERS RETURNED: 3
[2026-05-04 14:03:49] TAXI TOTAL SENT: 0
[2026-05-04 14:03:49] TAXI DISPATCH START ride=186 limit=3
[2026-05-04 14:03:49] FIND NEAREST DRIVERS: lat=42.8735606, lon=74.5763751, limit=9, radius=5km
[2026-05-04 14:03:49] REDIS RESULTS: [(21, 0.0005), (33, 0.0014), (3, 0.0041), (12, 0.0043), (17, 0.007), (13, 0.0094), (27, 0.0097), (8, 0.0122), (29, 0.014)]
[2026-05-04 14:03:49] DRIVERS AFTER FILTER: [33, 13, 12, 27]
[2026-05-04 14:03:49] WARNING: DRIVER 21 DID NOT PASS FILTER
[2026-05-04 14:03:49] DRIVER 33 PASSED FILTER, distance=0.0014km
[2026-05-04 14:03:49] WARNING: DRIVER 3 DID NOT PASS FILTER
[2026-05-04 14:03:49] DRIVER 12 PASSED FILTER, distance=0.0043km
[2026-05-04 14:03:49] WARNING: DRIVER 17 DID NOT PASS FILTER
[2026-05-04 14:03:49] DRIVER 13 PASSED FILTER, distance=0.0094km
[2026-05-04 14:03:49] DRIVER 27 PASSED FILTER, distance=0.0097km
[2026-05-04 14:03:49] WARNING: DRIVER 8 DID NOT PASS FILTER
[2026-05-04 14:03:49] WARNING: DRIVER 29 DID NOT PASS FILTER
[2026-05-04 14:03:49] TOTAL DRIVERS RETURNED: 4
[2026-05-04 14:03:49] TAXI TOTAL SENT: 0
[2026-05-04 14:06:25] WS DISCONNECTED: user_72, code=1000
[2026-05-04 14:11:45] WS CONNECTED: user=72 group=user_72
[2026-05-04 14:13:36] WS DISCONNECTED: user_72, code=1006
[2026-05-04 14:15:58] WS CONNECTED: user=72 group=user_72
[2026-05-04 14:20:07] WS DISCONNECTED: user_72, code=1006
[2026-05-04 14:24:10] WS CONNECTED: user=72 group=user_72
[2026-05-04 14:24:20] WS DISCONNECTED: user_72, code=1000
[2026-05-04 14:24:42] WS CONNECTED: user=72 group=user_72
[2026-05-04 14:29:32] WS DISCONNECTED: user_72, code=1000
[2026-05-04 14:45:52] WS CONNECTED: user=72 group=user_72
[2026-05-04 14:45:52] WS DISCONNECTED: user_72, code=1006
[2026-05-04 15:29:48] WS CONNECTED: user=72 group=user_72
[2026-05-04 15:29:53] WS DISCONNECTED: user_72, code=1000
[2026-05-04 16:11:11] WS CONNECTED: user=2 group=user_2
[2026-05-04 16:11:11] WS CONNECTED: user=2 group=user_2
[2026-05-04 16:12:15] DISPATCH START delivery=16481 limit=1
[2026-05-04 16:12:15] FIND NEAREST COURIERS: lat=42.874978, lon=74.624138, limit=3, radius=5km
[2026-05-04 16:12:15] REDIS RESULTS: [(2, 3.893)]
[2026-05-04 16:12:15] COURIERS AFTER FILTER: [2]
[2026-05-04 16:12:15] COURIER 2 PASSED FILTER, distance=3.893km
[2026-05-04 16:12:15] TOTAL COURIERS RETURNED: 1
[2026-05-04 16:12:15] NEAREST FOUND: [(2, 3.893)]
[2026-05-04 16:12:15] CHECK COURIER id=2 distance=3.893
[2026-05-04 16:12:15] MATCH courier=2 zone_id=1 dropoff_lat=42.8755 dropoff_lon=74.624066 result=True
[2026-05-04 16:12:15] AFTER MATCH courier=2
[2026-05-04 16:12:15] AFTER SLOT CHECK courier=2
[2026-05-04 16:12:15] DETOUR START courier=2 delivery=16481
[2026-05-04 16:12:15] DETOUR DATA courier=2 pending_points=0 pickup=(42.874978,74.624138) dropoff=(42.8755,74.624066)
[2026-05-04 16:12:15] ROUTE PLAN courier=2: {'points': [RoutePoint(delivery_id=16481, stop_type='pickup', lat=42.874978, lon=74.624138, sequence=0), RoutePoint(delivery_id=16481, stop_type='dropoff', lat=42.8755, lon=74.624066, sequence=0)], 'distance_km': 3.9502967700958007, 'eta_sec': 568, 'detour_km': 0, 'detour_sec': 0}
[2026-05-04 16:12:15] OFFER SENT id=213 courier=2
[2026-05-04 16:12:15] TOTAL SENT: 1
[2026-05-04 16:12:15] SEND WS EVENT: group=user_2, offer=213
[2026-05-04 16:12:15] WS EVENT SENT: group=user_2, offer=213
[2026-05-04 16:12:15] NEW OFFER: {'type': 'new_offer', 'offer_kind': 'courier', 'offer_id': 213, 'expires_at': '2026-05-04T10:12:35.154094+00:00', 'delivery': {'id': 16481, 'point_a': 'проспект Чуй 50', 'point_b': 'проспект Чуй 125', 'pickup_lat': 42.874978, 'pickup_lon': 74.624138, 'dropoff_lat': 42.8755, 'dropoff_lon': 74.624066, 'delivery_status': 'searching_courier', 'type_delivery': 'standard', 'price': '150.00', 'pickup_at': None, 'delivered_at': None, 'time_left': 0, 'deadline_at': '2026-05-04T17:12:15.480000+06:00', 'door_to_door': True, 'sender_name': '', 'sender_phone': '', 'recipient_name': '', 'recipient_phone': '', 'pickup_entrance': '', 'pickup_floor': '', 'pickup_apartment': '', 'pickup_intercom': '', 'pickup_comment': '', 'dropoff_entrance': '', 'dropoff_floor': '', 'dropoff_apartment': '', 'dropoff_intercom': '', 'dropoff_comment': '', 'client_comment': '', 'created_at': '2026-05-04T16:12:14.640732+06:00'}}
[2026-05-04 16:12:15] WS SEND PAYLOAD: {"type": "new_offer", "offer_kind": "courier", "offer_id": 213, "expires_at": "2026-05-04T10:12:35.154094+00:00", "delivery": {"id": 16481, "point_a": "проспект Чуй 50", "point_b": "проспект Чуй 125", "pickup_lat": 42.874978, "pickup_lon": 74.624138, "dropoff_lat": 42.8755, "dropoff_lon": 74.624066, "delivery_status": "searching_courier", "type_delivery": "standard", "price": "150.00", "pickup_at": null, "delivered_at": null, "time_left": 0, "deadline_at": "2026-05-04T17:12:15.480000+06:00", "door_to_door": true, "sender_name": "", "sender_phone": "", "recipient_name": "", "recipient_phone": "", "pickup_entrance": "", "pickup_floor": "", "pickup_apartment": "", "pickup_intercom": "", "pickup_comment": "", "dropoff_entrance": "", "dropoff_floor": "", "dropoff_apartment": "", "dropoff_intercom": "", "dropoff_comment": "", "client_comment": "", "created_at": "2026-05-04T16:12:14.640732+06:00"}}
[2026-05-04 16:12:15] WS SEND SUCCESS
[2026-05-04 16:12:15] NEW OFFER: {'type': 'new_offer', 'offer_kind': 'courier', 'offer_id': 213, 'expires_at': '2026-05-04T10:12:35.154094+00:00', 'delivery': {'id': 16481, 'point_a': 'проспект Чуй 50', 'point_b': 'проспект Чуй 125', 'pickup_lat': 42.874978, 'pickup_lon': 74.624138, 'dropoff_lat': 42.8755, 'dropoff_lon': 74.624066, 'delivery_status': 'searching_courier', 'type_delivery': 'standard', 'price': '150.00', 'pickup_at': None, 'delivered_at': None, 'time_left': 0, 'deadline_at': '2026-05-04T17:12:15.480000+06:00', 'door_to_door': True, 'sender_name': '', 'sender_phone': '', 'recipient_name': '', 'recipient_phone': '', 'pickup_entrance': '', 'pickup_floor': '', 'pickup_apartment': '', 'pickup_intercom': '', 'pickup_comment': '', 'dropoff_entrance': '', 'dropoff_floor': '', 'dropoff_apartment': '', 'dropoff_intercom': '', 'dropoff_comment': '', 'client_comment': '', 'created_at': '2026-05-04T16:12:14.640732+06:00'}}
[2026-05-04 16:12:15] WS SEND PAYLOAD: {"type": "new_offer", "offer_kind": "courier", "offer_id": 213, "expires_at": "2026-05-04T10:12:35.154094+00:00", "delivery": {"id": 16481, "point_a": "проспект Чуй 50", "point_b": "проспект Чуй 125", "pickup_lat": 42.874978, "pickup_lon": 74.624138, "dropoff_lat": 42.8755, "dropoff_lon": 74.624066, "delivery_status": "searching_courier", "type_delivery": "standard", "price": "150.00", "pickup_at": null, "delivered_at": null, "time_left": 0, "deadline_at": "2026-05-04T17:12:15.480000+06:00", "door_to_door": true, "sender_name": "", "sender_phone": "", "recipient_name": "", "recipient_phone": "", "pickup_entrance": "", "pickup_floor": "", "pickup_apartment": "", "pickup_intercom": "", "pickup_comment": "", "dropoff_entrance": "", "dropoff_floor": "", "dropoff_apartment": "", "dropoff_intercom": "", "dropoff_comment": "", "client_comment": "", "created_at": "2026-05-04T16:12:14.640732+06:00"}}
[2026-05-04 16:12:15] WS SEND SUCCESS
[2026-05-04 16:12:15] WS DISCONNECTED: user_2, code=1000
[2026-05-04 16:12:15] WS DISCONNECTED: user_2, code=1000
[2026-05-04 16:12:29] DETOUR START courier=2 delivery=16481
[2026-05-04 16:12:29] DETOUR DATA courier=2 pending_points=0 pickup=(42.874978,74.624138) dropoff=(42.8755,74.624066)
[2026-05-04 16:15:22] WS CONNECTED: user=2 group=user_2
[2026-05-04 16:15:22] WS CONNECTED: user=2 group=user_2
[2026-05-04 16:15:40] WS DISCONNECTED: user_2, code=1000
[2026-05-04 16:15:40] WS DISCONNECTED: user_2, code=1000
[2026-05-04 16:16:13] WS CONNECTED: user=72 group=user_72
[2026-05-04 16:16:13] WS CONNECTED: user=72 group=user_72
[2026-05-04 16:16:13] WS CONNECTED: user=72 group=user_72
[2026-05-04 16:16:49] TAXI DISPATCH START ride=187 limit=1
[2026-05-04 16:16:49] FIND NEAREST DRIVERS: lat=42.8735958, lon=74.5763977, limit=3, radius=5km
[2026-05-04 16:16:49] REDIS RESULTS: [(72, 0.0004), (3, 0.0008), (21, 0.004)]
[2026-05-04 16:16:49] DRIVERS AFTER FILTER: [72]
[2026-05-04 16:16:49] DRIVER 72 PASSED FILTER, distance=0.0004km
[2026-05-04 16:16:49] WARNING: DRIVER 3 DID NOT PASS FILTER
[2026-05-04 16:16:49] WARNING: DRIVER 21 DID NOT PASS FILTER
[2026-05-04 16:16:49] TOTAL DRIVERS RETURNED: 1
[2026-05-04 16:16:49] TAXI TOTAL SENT: 1
[2026-05-04 16:16:49] NEW OFFER: {'type': 'new_offer', 'offer_kind': 'taxi', 'offer_id': 737, 'expires_at': '2026-05-04T10:17:04.043443+00:00', 'ride': {'id': 187, 'point_a': 'улица Калыка Акиева 66', 'point_b': 'проспект Чуй 125', 'pickup_lat': 42.8735958, 'pickup_lon': 74.5763977, 'dropoff_lat': 42.8755, 'dropoff_lon': 74.624066, 'status': 'searching_driver', 'car_class': 'econom', 'passengers': 1, 'client_comment': '', 'distance_km': '4.40', 'duration_min': 14, 'price': '211.00', 'estimated_price': '211.00', 'total_price': '211.00', 'surge_multiplier': '1.00', 'base_fare': '100.00', 'per_km_rate': '15.00', 'per_min_rate': '10.00', 'included_km': '3.00', 'included_min': 5, 'commission_percent': '5.00', 'commission_amount': '10.55', 'driver_payout': '200.45', 'payment_method': 'cash', 'payment_status': 'unpaid', 'requested_at': '2026-05-04T16:16:48.982458+06:00', 'assigned_at': None, 'accepted_at': None, 'arrived_at': None, 'started_at': None, 'completed_at': None, 'canceled_at': None, 'order_code': '', 'canceled_by': None, 'cancel_reason': '', 'updated_at': '2026-05-04T16:16:48.982478+06:00', 'is_hidden_for_client': False, 'client': 81, 'driver': None}}
[2026-05-04 16:16:49] WS SEND PAYLOAD: {"type": "new_offer", "offer_kind": "taxi", "offer_id": 737, "expires_at": "2026-05-04T10:17:04.043443+00:00", "ride": {"id": 187, "point_a": "улица Калыка Акиева 66", "point_b": "проспект Чуй 125", "pickup_lat": 42.8735958, "pickup_lon": 74.5763977, "dropoff_lat": 42.8755, "dropoff_lon": 74.624066, "status": "searching_driver", "car_class": "econom", "passengers": 1, "client_comment": "", "distance_km": "4.40", "duration_min": 14, "price": "211.00", "estimated_price": "211.00", "total_price": "211.00", "surge_multiplier": "1.00", "base_fare": "100.00", "per_km_rate": "15.00", "per_min_rate": "10.00", "included_km": "3.00", "included_min": 5, "commission_percent": "5.00", "commission_amount": "10.55", "driver_payout": "200.45", "payment_method": "cash", "payment_status": "unpaid", "requested_at": "2026-05-04T16:16:48.982458+06:00", "assigned_at": null, "accepted_at": null, "arrived_at": null, "started_at": null, "completed_at": null, "canceled_at": null, "order_code": "", "canceled_by": null, "cancel_reason": "", "updated_at": "2026-05-04T16:16:48.982478+06:00", "is_hidden_for_client": false, "client": 81, "driver": null}}
[2026-05-04 16:16:49] WS SEND SUCCESS
[2026-05-04 16:16:49] NEW OFFER: {'type': 'new_offer', 'offer_kind': 'taxi', 'offer_id': 737, 'expires_at': '2026-05-04T10:17:04.043443+00:00', 'ride': {'id': 187, 'point_a': 'улица Калыка Акиева 66', 'point_b': 'проспект Чуй 125', 'pickup_lat': 42.8735958, 'pickup_lon': 74.5763977, 'dropoff_lat': 42.8755, 'dropoff_lon': 74.624066, 'status': 'searching_driver', 'car_class': 'econom', 'passengers': 1, 'client_comment': '', 'distance_km': '4.40', 'duration_min': 14, 'price': '211.00', 'estimated_price': '211.00', 'total_price': '211.00', 'surge_multiplier': '1.00', 'base_fare': '100.00', 'per_km_rate': '15.00', 'per_min_rate': '10.00', 'included_km': '3.00', 'included_min': 5, 'commission_percent': '5.00', 'commission_amount': '10.55', 'driver_payout': '200.45', 'payment_method': 'cash', 'payment_status': 'unpaid', 'requested_at': '2026-05-04T16:16:48.982458+06:00', 'assigned_at': None, 'accepted_at': None, 'arrived_at': None, 'started_at': None, 'completed_at': None, 'canceled_at': None, 'order_code': '', 'canceled_by': None, 'cancel_reason': '', 'updated_at': '2026-05-04T16:16:48.982478+06:00', 'is_hidden_for_client': False, 'client': 81, 'driver': None}}
[2026-05-04 16:16:49] WS SEND PAYLOAD: {"type": "new_offer", "offer_kind": "taxi", "offer_id": 737, "expires_at": "2026-05-04T10:17:04.043443+00:00", "ride": {"id": 187, "point_a": "улица Калыка Акиева 66", "point_b": "проспект Чуй 125", "pickup_lat": 42.8735958, "pickup_lon": 74.5763977, "dropoff_lat": 42.8755, "dropoff_lon": 74.624066, "status": "searching_driver", "car_class": "econom", "passengers": 1, "client_comment": "", "distance_km": "4.40", "duration_min": 14, "price": "211.00", "estimated_price": "211.00", "total_price": "211.00", "surge_multiplier": "1.00", "base_fare": "100.00", "per_km_rate": "15.00", "per_min_rate": "10.00", "included_km": "3.00", "included_min": 5, "commission_percent": "5.00", "commission_amount": "10.55", "driver_payout": "200.45", "payment_method": "cash", "payment_status": "unpaid", "requested_at": "2026-05-04T16:16:48.982458+06:00", "assigned_at": null, "accepted_at": null, "arrived_at": null, "started_at": null, "completed_at": null, "canceled_at": null, "order_code": "", "canceled_by": null, "cancel_reason": "", "updated_at": "2026-05-04T16:16:48.982478+06:00", "is_hidden_for_client": false, "client": 81, "driver": null}}
[2026-05-04 16:16:49] WS SEND SUCCESS
[2026-05-04 16:16:49] NEW OFFER: {'type': 'new_offer', 'offer_kind': 'taxi', 'offer_id': 737, 'expires_at': '2026-05-04T10:17:04.043443+00:00', 'ride': {'id': 187, 'point_a': 'улица Калыка Акиева 66', 'point_b': 'проспект Чуй 125', 'pickup_lat': 42.8735958, 'pickup_lon': 74.5763977, 'dropoff_lat': 42.8755, 'dropoff_lon': 74.624066, 'status': 'searching_driver', 'car_class': 'econom', 'passengers': 1, 'client_comment': '', 'distance_km': '4.40', 'duration_min': 14, 'price': '211.00', 'estimated_price': '211.00', 'total_price': '211.00', 'surge_multiplier': '1.00', 'base_fare': '100.00', 'per_km_rate': '15.00', 'per_min_rate': '10.00', 'included_km': '3.00', 'included_min': 5, 'commission_percent': '5.00', 'commission_amount': '10.55', 'driver_payout': '200.45', 'payment_method': 'cash', 'payment_status': 'unpaid', 'requested_at': '2026-05-04T16:16:48.982458+06:00', 'assigned_at': None, 'accepted_at': None, 'arrived_at': None, 'started_at': None, 'completed_at': None, 'canceled_at': None, 'order_code': '', 'canceled_by': None, 'cancel_reason': '', 'updated_at': '2026-05-04T16:16:48.982478+06:00', 'is_hidden_for_client': False, 'client': 81, 'driver': None}}
[2026-05-04 16:16:49] WS SEND PAYLOAD: {"type": "new_offer", "offer_kind": "taxi", "offer_id": 737, "expires_at": "2026-05-04T10:17:04.043443+00:00", "ride": {"id": 187, "point_a": "улица Калыка Акиева 66", "point_b": "проспект Чуй 125", "pickup_lat": 42.8735958, "pickup_lon": 74.5763977, "dropoff_lat": 42.8755, "dropoff_lon": 74.624066, "status": "searching_driver", "car_class": "econom", "passengers": 1, "client_comment": "", "distance_km": "4.40", "duration_min": 14, "price": "211.00", "estimated_price": "211.00", "total_price": "211.00", "surge_multiplier": "1.00", "base_fare": "100.00", "per_km_rate": "15.00", "per_min_rate": "10.00", "included_km": "3.00", "included_min": 5, "commission_percent": "5.00", "commission_amount": "10.55", "driver_payout": "200.45", "payment_method": "cash", "payment_status": "unpaid", "requested_at": "2026-05-04T16:16:48.982458+06:00", "assigned_at": null, "accepted_at": null, "arrived_at": null, "started_at": null, "completed_at": null, "canceled_at": null, "order_code": "", "canceled_by": null, "cancel_reason": "", "updated_at": "2026-05-04T16:16:48.982478+06:00", "is_hidden_for_client": false, "client": 81, "driver": null}}
[2026-05-04 16:16:49] WS SEND SUCCESS
[2026-05-04 16:16:49] WS DISCONNECTED: user_72, code=1000
[2026-05-04 16:16:49] WS DISCONNECTED: user_72, code=1000
[2026-05-04 16:16:49] WS DISCONNECTED: user_72, code=1000
[2026-05-04 16:17:01] TAXI DISPATCH START ride=187 limit=2
[2026-05-04 16:17:01] FIND NEAREST DRIVERS: lat=42.8735958, lon=74.5763977, limit=6, radius=5km
[2026-05-04 16:17:01] REDIS RESULTS: [(72, 0.0004), (3, 0.0008), (21, 0.004), (12, 0.0052), (33, 0.0052), (8, 0.008)]
[2026-05-04 16:17:01] DRIVERS AFTER FILTER: [33, 12, 72]
[2026-05-04 16:17:01] DRIVER 72 PASSED FILTER, distance=0.0004km
[2026-05-04 16:17:01] WARNING: DRIVER 3 DID NOT PASS FILTER
[2026-05-04 16:17:01] WARNING: DRIVER 21 DID NOT PASS FILTER
[2026-05-04 16:17:01] DRIVER 12 PASSED FILTER, distance=0.0052km
[2026-05-04 16:17:01] DRIVER 33 PASSED FILTER, distance=0.0052km
[2026-05-04 16:17:01] WARNING: DRIVER 8 DID NOT PASS FILTER
[2026-05-04 16:17:01] TOTAL DRIVERS RETURNED: 3
[2026-05-04 16:17:01] TAXI TOTAL SENT: 2
[2026-05-04 16:17:06] WS CONNECTED: user=72 group=user_72
[2026-05-04 16:17:06] WS CONNECTED: user=72 group=user_72
[2026-05-04 16:17:06] WS CONNECTED: user=72 group=user_72
[2026-05-04 16:17:13] TAXI DISPATCH START ride=187 limit=3
[2026-05-04 16:17:13] FIND NEAREST DRIVERS: lat=42.8735958, lon=74.5763977, limit=9, radius=5km
[2026-05-04 16:17:13] REDIS RESULTS: [(72, 0.0003), (3, 0.0008), (21, 0.004), (12, 0.0052), (33, 0.0052), (8, 0.008), (13, 0.0083), (17, 0.0093), (29, 0.0121)]
[2026-05-04 16:17:13] DRIVERS AFTER FILTER: [33, 13, 12, 72]
[2026-05-04 16:17:13] DRIVER 72 PASSED FILTER, distance=0.0003km
[2026-05-04 16:17:13] WARNING: DRIVER 3 DID NOT PASS FILTER
[2026-05-04 16:17:13] WARNING: DRIVER 21 DID NOT PASS FILTER
[2026-05-04 16:17:13] DRIVER 12 PASSED FILTER, distance=0.0052km
[2026-05-04 16:17:13] DRIVER 33 PASSED FILTER, distance=0.0052km
[2026-05-04 16:17:13] WARNING: DRIVER 8 DID NOT PASS FILTER
[2026-05-04 16:17:13] DRIVER 13 PASSED FILTER, distance=0.0083km
[2026-05-04 16:17:13] WARNING: DRIVER 17 DID NOT PASS FILTER
[2026-05-04 16:17:13] WARNING: DRIVER 29 DID NOT PASS FILTER
[2026-05-04 16:17:13] TOTAL DRIVERS RETURNED: 4
[2026-05-04 16:17:13] TAXI TOTAL SENT: 1
[2026-05-04 16:17:19] WS DISCONNECTED: user_72, code=1000
[2026-05-04 16:17:19] WS DISCONNECTED: user_72, code=1000
[2026-05-04 16:17:19] WS DISCONNECTED: user_72, code=1000
[2026-05-04 16:17:22] WS CONNECTED: user=72 group=user_72
[2026-05-04 16:17:22] WS CONNECTED: user=72 group=user_72
[2026-05-04 16:17:22] WS CONNECTED: user=72 group=user_72
[2026-05-04 16:17:28] TAXI DISPATCH START ride=187 limit=1
[2026-05-04 16:17:28] FIND NEAREST DRIVERS: lat=42.8735958, lon=74.5763977, limit=3, radius=5km
[2026-05-04 16:17:28] REDIS RESULTS: [(72, 0.0006), (3, 0.0008), (21, 0.004)]
[2026-05-04 16:17:28] DRIVERS AFTER FILTER: [72]
[2026-05-04 16:17:28] DRIVER 72 PASSED FILTER, distance=0.0006km
[2026-05-04 16:17:28] WARNING: DRIVER 3 DID NOT PASS FILTER
[2026-05-04 16:17:28] WARNING: DRIVER 21 DID NOT PASS FILTER
[2026-05-04 16:17:28] TOTAL DRIVERS RETURNED: 1
[2026-05-04 16:17:28] TAXI TOTAL SENT: 0
[2026-05-04 16:17:28] TAXI DISPATCH START ride=187 limit=2
[2026-05-04 16:17:28] FIND NEAREST DRIVERS: lat=42.8735958, lon=74.5763977, limit=6, radius=5km
[2026-05-04 16:17:28] REDIS RESULTS: [(72, 0.0006), (3, 0.0008), (21, 0.004), (12, 0.0052), (33, 0.0052), (8, 0.008)]
[2026-05-04 16:17:28] DRIVERS AFTER FILTER: [33, 12, 72]
[2026-05-04 16:17:28] DRIVER 72 PASSED FILTER, distance=0.0006km
[2026-05-04 16:17:28] WARNING: DRIVER 3 DID NOT PASS FILTER
[2026-05-04 16:17:28] WARNING: DRIVER 21 DID NOT PASS FILTER
[2026-05-04 16:17:28] DRIVER 12 PASSED FILTER, distance=0.0052km
[2026-05-04 16:17:28] DRIVER 33 PASSED FILTER, distance=0.0052km
[2026-05-04 16:17:28] WARNING: DRIVER 8 DID NOT PASS FILTER
[2026-05-04 16:17:28] TOTAL DRIVERS RETURNED: 3
[2026-05-04 16:17:28] TAXI TOTAL SENT: 0
[2026-05-04 16:17:28] TAXI DISPATCH START ride=187 limit=3
[2026-05-04 16:17:28] FIND NEAREST DRIVERS: lat=42.8735958, lon=74.5763977, limit=9, radius=5km
[2026-05-04 16:17:28] REDIS RESULTS: [(72, 0.0006), (3, 0.0008), (21, 0.004), (12, 0.0052), (33, 0.0052), (8, 0.008), (13, 0.0083), (17, 0.0093), (29, 0.0121)]
[2026-05-04 16:17:28] DRIVERS AFTER FILTER: [33, 13, 12, 72]
[2026-05-04 16:17:28] DRIVER 72 PASSED FILTER, distance=0.0006km
[2026-05-04 16:17:28] WARNING: DRIVER 3 DID NOT PASS FILTER
[2026-05-04 16:17:28] WARNING: DRIVER 21 DID NOT PASS FILTER
[2026-05-04 16:17:28] DRIVER 12 PASSED FILTER, distance=0.0052km
[2026-05-04 16:17:28] DRIVER 33 PASSED FILTER, distance=0.0052km
[2026-05-04 16:17:28] WARNING: DRIVER 8 DID NOT PASS FILTER
[2026-05-04 16:17:28] DRIVER 13 PASSED FILTER, distance=0.0083km
[2026-05-04 16:17:28] WARNING: DRIVER 17 DID NOT PASS FILTER
[2026-05-04 16:17:28] WARNING: DRIVER 29 DID NOT PASS FILTER
[2026-05-04 16:17:28] TOTAL DRIVERS RETURNED: 4
[2026-05-04 16:17:28] TAXI TOTAL SENT: 0
[2026-05-04 16:17:37] TAXI DISPATCH START ride=188 limit=1
[2026-05-04 16:17:37] FIND NEAREST DRIVERS: lat=42.8735958, lon=74.5763977, limit=3, radius=5km
[2026-05-04 16:17:37] REDIS RESULTS: [(72, 0.0006), (3, 0.0008), (21, 0.004)]
[2026-05-04 16:17:37] DRIVERS AFTER FILTER: [72]
[2026-05-04 16:17:37] DRIVER 72 PASSED FILTER, distance=0.0006km
[2026-05-04 16:17:37] WARNING: DRIVER 3 DID NOT PASS FILTER
[2026-05-04 16:17:37] WARNING: DRIVER 21 DID NOT PASS FILTER
[2026-05-04 16:17:37] TOTAL DRIVERS RETURNED: 1
[2026-05-04 16:17:37] TAXI TOTAL SENT: 1
[2026-05-04 16:17:37] NEW OFFER: {'type': 'new_offer', 'offer_kind': 'taxi', 'offer_id': 741, 'expires_at': '2026-05-04T10:17:52.420050+00:00', 'ride': {'id': 188, 'point_a': 'улица Калыка Акиева 66', 'point_b': 'проспект Чуй 125/1', 'pickup_lat': 42.8735958, 'pickup_lon': 74.5763977, 'dropoff_lat': 42.875679, 'dropoff_lon': 74.623805, 'status': 'searching_driver', 'car_class': 'comfort', 'passengers': 1, 'client_comment': '', 'distance_km': '4.40', 'duration_min': 14, 'price': '264.00', 'estimated_price': '264.00', 'total_price': '264.00', 'surge_multiplier': '1.00', 'base_fare': '150.00', 'per_km_rate': '15.00', 'per_min_rate': '12.00', 'included_km': '4.00', 'included_min': 5, 'commission_percent': '5.00', 'commission_amount': '13.20', 'driver_payout': '250.80', 'payment_method': 'cash', 'payment_status': 'unpaid', 'requested_at': '2026-05-04T16:17:37.360684+06:00', 'assigned_at': None, 'accepted_at': None, 'arrived_at': None, 'started_at': None, 'completed_at': None, 'canceled_at': None, 'order_code': '', 'canceled_by': None, 'cancel_reason': '', 'updated_at': '2026-05-04T16:17:37.360706+06:00', 'is_hidden_for_client': False, 'client': 81, 'driver': None}}
[2026-05-04 16:17:37] WS SEND PAYLOAD: {"type": "new_offer", "offer_kind": "taxi", "offer_id": 741, "expires_at": "2026-05-04T10:17:52.420050+00:00", "ride": {"id": 188, "point_a": "улица Калыка Акиева 66", "point_b": "проспект Чуй 125/1", "pickup_lat": 42.8735958, "pickup_lon": 74.5763977, "dropoff_lat": 42.875679, "dropoff_lon": 74.623805, "status": "searching_driver", "car_class": "comfort", "passengers": 1, "client_comment": "", "distance_km": "4.40", "duration_min": 14, "price": "264.00", "estimated_price": "264.00", "total_price": "264.00", "surge_multiplier": "1.00", "base_fare": "150.00", "per_km_rate": "15.00", "per_min_rate": "12.00", "included_km": "4.00", "included_min": 5, "commission_percent": "5.00", "commission_amount": "13.20", "driver_payout": "250.80", "payment_method": "cash", "payment_status": "unpaid", "requested_at": "2026-05-04T16:17:37.360684+06:00", "assigned_at": null, "accepted_at": null, "arrived_at": null, "started_at": null, "completed_at": null, "canceled_at": null, "order_code": "", "canceled_by": null, "cancel_reason": "", "updated_at": "2026-05-04T16:17:37.360706+06:00", "is_hidden_for_client": false, "client": 81, "driver": null}}
[2026-05-04 16:17:37] WS SEND SUCCESS
[2026-05-04 16:17:37] NEW OFFER: {'type': 'new_offer', 'offer_kind': 'taxi', 'offer_id': 741, 'expires_at': '2026-05-04T10:17:52.420050+00:00', 'ride': {'id': 188, 'point_a': 'улица Калыка Акиева 66', 'point_b': 'проспект Чуй 125/1', 'pickup_lat': 42.8735958, 'pickup_lon': 74.5763977, 'dropoff_lat': 42.875679, 'dropoff_lon': 74.623805, 'status': 'searching_driver', 'car_class': 'comfort', 'passengers': 1, 'client_comment': '', 'distance_km': '4.40', 'duration_min': 14, 'price': '264.00', 'estimated_price': '264.00', 'total_price': '264.00', 'surge_multiplier': '1.00', 'base_fare': '150.00', 'per_km_rate': '15.00', 'per_min_rate': '12.00', 'included_km': '4.00', 'included_min': 5, 'commission_percent': '5.00', 'commission_amount': '13.20', 'driver_payout': '250.80', 'payment_method': 'cash', 'payment_status': 'unpaid', 'requested_at': '2026-05-04T16:17:37.360684+06:00', 'assigned_at': None, 'accepted_at': None, 'arrived_at': None, 'started_at': None, 'completed_at': None, 'canceled_at': None, 'order_code': '', 'canceled_by': None, 'cancel_reason': '', 'updated_at': '2026-05-04T16:17:37.360706+06:00', 'is_hidden_for_client': False, 'client': 81, 'driver': None}}
[2026-05-04 16:17:37] WS SEND PAYLOAD: {"type": "new_offer", "offer_kind": "taxi", "offer_id": 741, "expires_at": "2026-05-04T10:17:52.420050+00:00", "ride": {"id": 188, "point_a": "улица Калыка Акиева 66", "point_b": "проспект Чуй 125/1", "pickup_lat": 42.8735958, "pickup_lon": 74.5763977, "dropoff_lat": 42.875679, "dropoff_lon": 74.623805, "status": "searching_driver", "car_class": "comfort", "passengers": 1, "client_comment": "", "distance_km": "4.40", "duration_min": 14, "price": "264.00", "estimated_price": "264.00", "total_price": "264.00", "surge_multiplier": "1.00", "base_fare": "150.00", "per_km_rate": "15.00", "per_min_rate": "12.00", "included_km": "4.00", "included_min": 5, "commission_percent": "5.00", "commission_amount": "13.20", "driver_payout": "250.80", "payment_method": "cash", "payment_status": "unpaid", "requested_at": "2026-05-04T16:17:37.360684+06:00", "assigned_at": null, "accepted_at": null, "arrived_at": null, "started_at": null, "completed_at": null, "canceled_at": null, "order_code": "", "canceled_by": null, "cancel_reason": "", "updated_at": "2026-05-04T16:17:37.360706+06:00", "is_hidden_for_client": false, "client": 81, "driver": null}}
[2026-05-04 16:17:37] WS SEND SUCCESS
[2026-05-04 16:17:37] NEW OFFER: {'type': 'new_offer', 'offer_kind': 'taxi', 'offer_id': 741, 'expires_at': '2026-05-04T10:17:52.420050+00:00', 'ride': {'id': 188, 'point_a': 'улица Калыка Акиева 66', 'point_b': 'проспект Чуй 125/1', 'pickup_lat': 42.8735958, 'pickup_lon': 74.5763977, 'dropoff_lat': 42.875679, 'dropoff_lon': 74.623805, 'status': 'searching_driver', 'car_class': 'comfort', 'passengers': 1, 'client_comment': '', 'distance_km': '4.40', 'duration_min': 14, 'price': '264.00', 'estimated_price': '264.00', 'total_price': '264.00', 'surge_multiplier': '1.00', 'base_fare': '150.00', 'per_km_rate': '15.00', 'per_min_rate': '12.00', 'included_km': '4.00', 'included_min': 5, 'commission_percent': '5.00', 'commission_amount': '13.20', 'driver_payout': '250.80', 'payment_method': 'cash', 'payment_status': 'unpaid', 'requested_at': '2026-05-04T16:17:37.360684+06:00', 'assigned_at': None, 'accepted_at': None, 'arrived_at': None, 'started_at': None, 'completed_at': None, 'canceled_at': None, 'order_code': '', 'canceled_by': None, 'cancel_reason': '', 'updated_at': '2026-05-04T16:17:37.360706+06:00', 'is_hidden_for_client': False, 'client': 81, 'driver': None}}
[2026-05-04 16:17:37] WS SEND PAYLOAD: {"type": "new_offer", "offer_kind": "taxi", "offer_id": 741, "expires_at": "2026-05-04T10:17:52.420050+00:00", "ride": {"id": 188, "point_a": "улица Калыка Акиева 66", "point_b": "проспект Чуй 125/1", "pickup_lat": 42.8735958, "pickup_lon": 74.5763977, "dropoff_lat": 42.875679, "dropoff_lon": 74.623805, "status": "searching_driver", "car_class": "comfort", "passengers": 1, "client_comment": "", "distance_km": "4.40", "duration_min": 14, "price": "264.00", "estimated_price": "264.00", "total_price": "264.00", "surge_multiplier": "1.00", "base_fare": "150.00", "per_km_rate": "15.00", "per_min_rate": "12.00", "included_km": "4.00", "included_min": 5, "commission_percent": "5.00", "commission_amount": "13.20", "driver_payout": "250.80", "payment_method": "cash", "payment_status": "unpaid", "requested_at": "2026-05-04T16:17:37.360684+06:00", "assigned_at": null, "accepted_at": null, "arrived_at": null, "started_at": null, "completed_at": null, "canceled_at": null, "order_code": "", "canceled_by": null, "cancel_reason": "", "updated_at": "2026-05-04T16:17:37.360706+06:00", "is_hidden_for_client": false, "client": 81, "driver": null}}
[2026-05-04 16:17:37] WS SEND SUCCESS
[2026-05-04 16:17:38] WS DISCONNECTED: user_72, code=1000
[2026-05-04 16:17:38] WS DISCONNECTED: user_72, code=1000
[2026-05-04 16:17:38] WS DISCONNECTED: user_72, code=1000
[2026-05-04 16:19:29] WS CONNECTED: user=72 group=user_72
[2026-05-04 16:19:29] WS CONNECTED: user=72 group=user_72
[2026-05-04 16:19:29] WS CONNECTED: user=72 group=user_72
[2026-05-04 16:19:53] WS DISCONNECTED: user_72, code=1000
[2026-05-04 16:19:53] WS DISCONNECTED: user_72, code=1000
[2026-05-04 16:19:53] WS DISCONNECTED: user_72, code=1000
[2026-05-04 16:37:34] WS CONNECTED: user=2 group=user_2
[2026-05-04 16:37:37] WS DISCONNECTED: user_2, code=1000
[2026-05-04 16:38:26] WS CONNECTED: user=2 group=user_2
[2026-05-04 16:38:37] WS DISCONNECTED: user_2, code=1000
[2026-05-04 16:38:50] WS CONNECTED: user=2 group=user_2
[2026-05-04 16:39:19] WS DISCONNECTED: user_2, code=1000
[2026-05-04 16:44:58] WS CONNECTED: user=2 group=user_2
[2026-05-04 16:45:09] WS DISCONNECTED: user_2, code=1000
[2026-05-04 16:45:24] WS CONNECTED: user=2 group=user_2
[2026-05-04 16:49:39] WS DISCONNECTED: user_2, code=1000
[2026-05-04 18:38:52] WS CONNECTED: user=72 group=user_72
[2026-05-04 18:39:29] TAXI DISPATCH START ride=189 limit=1
[2026-05-04 18:39:29] FIND NEAREST DRIVERS: lat=42.8735672, lon=74.5764113, limit=3, radius=5km
[2026-05-04 18:39:29] REDIS RESULTS: [(3, 0.0026), (33, 0.003), (21, 0.0031)]
[2026-05-04 18:39:29] DRIVERS AFTER FILTER: [33]
[2026-05-04 18:39:29] WARNING: DRIVER 3 DID NOT PASS FILTER
[2026-05-04 18:39:29] DRIVER 33 PASSED FILTER, distance=0.003km
[2026-05-04 18:39:29] WARNING: DRIVER 21 DID NOT PASS FILTER
[2026-05-04 18:39:29] TOTAL DRIVERS RETURNED: 1
[2026-05-04 18:39:29] TAXI TOTAL SENT: 1
[2026-05-04 18:39:41] TAXI DISPATCH START ride=189 limit=2
[2026-05-04 18:39:41] FIND NEAREST DRIVERS: lat=42.8735672, lon=74.5764113, limit=6, radius=5km
[2026-05-04 18:39:41] REDIS RESULTS: [(3, 0.0026), (33, 0.003), (21, 0.0031), (17, 0.006), (13, 0.0065), (12, 0.0065)]
[2026-05-04 18:39:41] DRIVERS AFTER FILTER: [33, 13, 12]
[2026-05-04 18:39:41] WARNING: DRIVER 3 DID NOT PASS FILTER
[2026-05-04 18:39:41] DRIVER 33 PASSED FILTER, distance=0.003km
[2026-05-04 18:39:41] WARNING: DRIVER 21 DID NOT PASS FILTER
[2026-05-04 18:39:41] WARNING: DRIVER 17 DID NOT PASS FILTER
[2026-05-04 18:39:41] DRIVER 13 PASSED FILTER, distance=0.0065km
[2026-05-04 18:39:41] DRIVER 12 PASSED FILTER, distance=0.0065km
[2026-05-04 18:39:41] TOTAL DRIVERS RETURNED: 3
[2026-05-04 18:39:41] TAXI TOTAL SENT: 2
[2026-05-04 18:39:53] TAXI DISPATCH START ride=189 limit=3
[2026-05-04 18:39:53] FIND NEAREST DRIVERS: lat=42.8735672, lon=74.5764113, limit=9, radius=5km
[2026-05-04 18:39:53] REDIS RESULTS: [(3, 0.0026), (33, 0.003), (21, 0.0031), (17, 0.006), (13, 0.0065), (12, 0.0065), (29, 0.011), (8, 0.0111), (27, 0.0114)]
[2026-05-04 18:39:53] DRIVERS AFTER FILTER: [33, 13, 12, 27]
[2026-05-04 18:39:53] WARNING: DRIVER 3 DID NOT PASS FILTER
[2026-05-04 18:39:53] DRIVER 33 PASSED FILTER, distance=0.003km
[2026-05-04 18:39:53] WARNING: DRIVER 21 DID NOT PASS FILTER
[2026-05-04 18:39:53] WARNING: DRIVER 17 DID NOT PASS FILTER
[2026-05-04 18:39:53] DRIVER 13 PASSED FILTER, distance=0.0065km
[2026-05-04 18:39:53] DRIVER 12 PASSED FILTER, distance=0.0065km
[2026-05-04 18:39:53] WARNING: DRIVER 29 DID NOT PASS FILTER
[2026-05-04 18:39:53] WARNING: DRIVER 8 DID NOT PASS FILTER
[2026-05-04 18:39:53] DRIVER 27 PASSED FILTER, distance=0.0114km
[2026-05-04 18:39:53] TOTAL DRIVERS RETURNED: 4
[2026-05-04 18:39:53] TAXI TOTAL SENT: 1
[2026-05-04 18:39:54] WS DISCONNECTED: user_72, code=1000
[2026-05-04 18:40:05] WS CONNECTED: user=2 group=user_2
[2026-05-04 18:40:08] TAXI DISPATCH START ride=189 limit=1
[2026-05-04 18:40:08] FIND NEAREST DRIVERS: lat=42.8735672, lon=74.5764113, limit=3, radius=5km
[2026-05-04 18:40:08] REDIS RESULTS: [(3, 0.0026), (33, 0.003), (21, 0.0031)]
[2026-05-04 18:40:08] DRIVERS AFTER FILTER: [33]
[2026-05-04 18:40:08] WARNING: DRIVER 3 DID NOT PASS FILTER
[2026-05-04 18:40:08] DRIVER 33 PASSED FILTER, distance=0.003km
[2026-05-04 18:40:08] WARNING: DRIVER 21 DID NOT PASS FILTER
[2026-05-04 18:40:08] TOTAL DRIVERS RETURNED: 1
[2026-05-04 18:40:08] TAXI TOTAL SENT: 0
[2026-05-04 18:40:08] TAXI DISPATCH START ride=189 limit=2
[2026-05-04 18:40:08] FIND NEAREST DRIVERS: lat=42.8735672, lon=74.5764113, limit=6, radius=5km
[2026-05-04 18:40:08] REDIS RESULTS: [(3, 0.0026), (33, 0.003), (21, 0.0031), (17, 0.006), (13, 0.0065), (12, 0.0065)]
[2026-05-04 18:40:08] DRIVERS AFTER FILTER: [33, 13, 12]
[2026-05-04 18:40:08] WARNING: DRIVER 3 DID NOT PASS FILTER
[2026-05-04 18:40:08] DRIVER 33 PASSED FILTER, distance=0.003km
[2026-05-04 18:40:08] WARNING: DRIVER 21 DID NOT PASS FILTER
[2026-05-04 18:40:08] WARNING: DRIVER 17 DID NOT PASS FILTER
[2026-05-04 18:40:08] DRIVER 13 PASSED FILTER, distance=0.0065km
[2026-05-04 18:40:08] DRIVER 12 PASSED FILTER, distance=0.0065km
[2026-05-04 18:40:08] TOTAL DRIVERS RETURNED: 3
[2026-05-04 18:40:08] TAXI TOTAL SENT: 0
[2026-05-04 18:40:08] TAXI DISPATCH START ride=189 limit=3
[2026-05-04 18:40:08] FIND NEAREST DRIVERS: lat=42.8735672, lon=74.5764113, limit=9, radius=5km
[2026-05-04 18:40:08] REDIS RESULTS: [(3, 0.0026), (33, 0.003), (21, 0.0031), (17, 0.006), (13, 0.0065), (12, 0.0065), (29, 0.011), (8, 0.0111), (27, 0.0114)]
[2026-05-04 18:40:08] DRIVERS AFTER FILTER: [33, 13, 12, 27]
[2026-05-04 18:40:08] WARNING: DRIVER 3 DID NOT PASS FILTER
[2026-05-04 18:40:08] DRIVER 33 PASSED FILTER, distance=0.003km
[2026-05-04 18:40:08] WARNING: DRIVER 21 DID NOT PASS FILTER
[2026-05-04 18:40:08] WARNING: DRIVER 17 DID NOT PASS FILTER
[2026-05-04 18:40:08] DRIVER 13 PASSED FILTER, distance=0.0065km
[2026-05-04 18:40:08] DRIVER 12 PASSED FILTER, distance=0.0065km
[2026-05-04 18:40:08] WARNING: DRIVER 29 DID NOT PASS FILTER
[2026-05-04 18:40:08] WARNING: DRIVER 8 DID NOT PASS FILTER
[2026-05-04 18:40:08] DRIVER 27 PASSED FILTER, distance=0.0114km
[2026-05-04 18:40:08] TOTAL DRIVERS RETURNED: 4
[2026-05-04 18:40:08] TAXI TOTAL SENT: 0
[2026-05-04 18:40:20] WS CONNECTED: user=72 group=user_72
[2026-05-04 18:40:21] DISPATCH START delivery=16482 limit=1
[2026-05-04 18:40:21] FIND NEAREST COURIERS: lat=42.874978, lon=74.624138, limit=3, radius=5km
[2026-05-04 18:40:21] REDIS RESULTS: [(2, 3.8883)]
[2026-05-04 18:40:21] COURIERS AFTER FILTER: [2]
[2026-05-04 18:40:21] COURIER 2 PASSED FILTER, distance=3.8883km
[2026-05-04 18:40:21] TOTAL COURIERS RETURNED: 1
[2026-05-04 18:40:21] NEAREST FOUND: [(2, 3.8883)]
[2026-05-04 18:40:21] CHECK COURIER id=2 distance=3.8883
[2026-05-04 18:40:21] MATCH courier=2 zone_id=2 dropoff_lat=42.8755 dropoff_lon=74.624066 result=False
[2026-05-04 18:40:21] SKIP courier=2 (darkstore/zone mismatch delivery=16482)
[2026-05-04 18:40:21] TOTAL SENT: 0
[2026-05-04 18:40:21] DISPATCH START delivery=16482 limit=3
[2026-05-04 18:40:21] FIND NEAREST COURIERS: lat=42.874978, lon=74.624138, limit=9, radius=5km
[2026-05-04 18:40:21] REDIS RESULTS: [(2, 3.8883)]
[2026-05-04 18:40:21] COURIERS AFTER FILTER: [2]
[2026-05-04 18:40:21] COURIER 2 PASSED FILTER, distance=3.8883km
[2026-05-04 18:40:21] TOTAL COURIERS RETURNED: 1
[2026-05-04 18:40:21] NEAREST FOUND: [(2, 3.8883)]
[2026-05-04 18:40:21] CHECK COURIER id=2 distance=3.8883
[2026-05-04 18:40:21] MATCH courier=2 zone_id=2 dropoff_lat=42.8755 dropoff_lon=74.624066 result=False
[2026-05-04 18:40:21] SKIP courier=2 (darkstore/zone mismatch delivery=16482)
[2026-05-04 18:40:21] TOTAL SENT: 0
[2026-05-04 18:40:21] DISPATCH START delivery=16482 limit=5
[2026-05-04 18:40:21] FIND NEAREST COURIERS: lat=42.874978, lon=74.624138, limit=15, radius=5km
[2026-05-04 18:40:21] REDIS RESULTS: [(2, 3.8883)]
[2026-05-04 18:40:21] COURIERS AFTER FILTER: [2]
[2026-05-04 18:40:21] COURIER 2 PASSED FILTER, distance=3.8883km
[2026-05-04 18:40:21] TOTAL COURIERS RETURNED: 1
[2026-05-04 18:40:21] NEAREST FOUND: [(2, 3.8883)]
[2026-05-04 18:40:21] CHECK COURIER id=2 distance=3.8883
[2026-05-04 18:40:21] MATCH courier=2 zone_id=2 dropoff_lat=42.8755 dropoff_lon=74.624066 result=False
[2026-05-04 18:40:21] SKIP courier=2 (darkstore/zone mismatch delivery=16482)
[2026-05-04 18:40:21] TOTAL SENT: 0
[2026-05-04 18:41:11] WS DISCONNECTED: user_72, code=1000
[2026-05-04 18:41:35] WS CONNECTED: user=72 group=user_72
[2026-05-04 18:41:38] TAXI DISPATCH START ride=190 limit=1
[2026-05-04 18:41:38] FIND NEAREST DRIVERS: lat=42.874978, lon=74.624138, limit=3, radius=5km
[2026-05-04 18:41:38] REDIS RESULTS: [(29, 3.8826), (13, 3.887), (17, 3.8916)]
[2026-05-04 18:41:38] DRIVERS AFTER FILTER: [13]
[2026-05-04 18:41:38] WARNING: DRIVER 29 DID NOT PASS FILTER
[2026-05-04 18:41:38] DRIVER 13 PASSED FILTER, distance=3.887km
[2026-05-04 18:41:38] WARNING: DRIVER 17 DID NOT PASS FILTER
[2026-05-04 18:41:38] TOTAL DRIVERS RETURNED: 1
[2026-05-04 18:41:38] TAXI TOTAL SENT: 1
[2026-05-04 18:41:50] TAXI DISPATCH START ride=190 limit=2
[2026-05-04 18:41:50] FIND NEAREST DRIVERS: lat=42.874978, lon=74.624138, limit=6, radius=5km
[2026-05-04 18:41:50] REDIS RESULTS: [(29, 3.8826), (13, 3.887), (17, 3.8916), (8, 3.8927), (3, 3.8939), (33, 3.8958)]
[2026-05-04 18:41:50] DRIVERS AFTER FILTER: [33, 13]
[2026-05-04 18:41:50] WARNING: DRIVER 29 DID NOT PASS FILTER
[2026-05-04 18:41:50] DRIVER 13 PASSED FILTER, distance=3.887km
[2026-05-04 18:41:50] WARNING: DRIVER 17 DID NOT PASS FILTER
[2026-05-04 18:41:50] WARNING: DRIVER 8 DID NOT PASS FILTER
[2026-05-04 18:41:50] WARNING: DRIVER 3 DID NOT PASS FILTER
[2026-05-04 18:41:50] DRIVER 33 PASSED FILTER, distance=3.8958km
[2026-05-04 18:41:50] TOTAL DRIVERS RETURNED: 2
[2026-05-04 18:41:50] TAXI TOTAL SENT: 1
[2026-05-04 18:42:02] TAXI DISPATCH START ride=190 limit=3
[2026-05-04 18:42:02] FIND NEAREST DRIVERS: lat=42.874978, lon=74.624138, limit=9, radius=5km
[2026-05-04 18:42:02] REDIS RESULTS: [(29, 3.8826), (13, 3.887), (17, 3.8916), (8, 3.8927), (3, 3.8939), (33, 3.8958), (21, 3.8966), (27, 3.8992), (12, 3.8996)]
[2026-05-04 18:42:02] DRIVERS AFTER FILTER: [33, 13, 12, 27]
[2026-05-04 18:42:02] WARNING: DRIVER 29 DID NOT PASS FILTER
[2026-05-04 18:42:02] DRIVER 13 PASSED FILTER, distance=3.887km
[2026-05-04 18:42:02] WARNING: DRIVER 17 DID NOT PASS FILTER
[2026-05-04 18:42:02] WARNING: DRIVER 8 DID NOT PASS FILTER
[2026-05-04 18:42:02] WARNING: DRIVER 3 DID NOT PASS FILTER
[2026-05-04 18:42:02] DRIVER 33 PASSED FILTER, distance=3.8958km
[2026-05-04 18:42:02] WARNING: DRIVER 21 DID NOT PASS FILTER
[2026-05-04 18:42:02] DRIVER 27 PASSED FILTER, distance=3.8992km
[2026-05-04 18:42:02] DRIVER 12 PASSED FILTER, distance=3.8996km
[2026-05-04 18:42:02] TOTAL DRIVERS RETURNED: 4
[2026-05-04 18:42:02] TAXI TOTAL SENT: 2
[2026-05-04 18:42:17] TAXI DISPATCH START ride=190 limit=1
[2026-05-04 18:42:17] FIND NEAREST DRIVERS: lat=42.874978, lon=74.624138, limit=3, radius=5km
[2026-05-04 18:42:17] REDIS RESULTS: [(29, 3.8826), (13, 3.887), (17, 3.8916)]
[2026-05-04 18:42:17] DRIVERS AFTER FILTER: [13]
[2026-05-04 18:42:17] WARNING: DRIVER 29 DID NOT PASS FILTER
[2026-05-04 18:42:17] DRIVER 13 PASSED FILTER, distance=3.887km
[2026-05-04 18:42:17] WARNING: DRIVER 17 DID NOT PASS FILTER
[2026-05-04 18:42:17] TOTAL DRIVERS RETURNED: 1
[2026-05-04 18:42:17] TAXI TOTAL SENT: 0
[2026-05-04 18:42:17] TAXI DISPATCH START ride=190 limit=1
[2026-05-04 18:42:17] FIND NEAREST DRIVERS: lat=42.874978, lon=74.624138, limit=3, radius=5km
[2026-05-04 18:42:17] REDIS RESULTS: [(29, 3.8826), (13, 3.887), (17, 3.8916)]
[2026-05-04 18:42:17] DRIVERS AFTER FILTER: [13]
[2026-05-04 18:42:17] WARNING: DRIVER 29 DID NOT PASS FILTER
[2026-05-04 18:42:17] DRIVER 13 PASSED FILTER, distance=3.887km
[2026-05-04 18:42:17] WARNING: DRIVER 17 DID NOT PASS FILTER
[2026-05-04 18:42:17] TOTAL DRIVERS RETURNED: 1
[2026-05-04 18:42:17] TAXI TOTAL SENT: 0
[2026-05-04 18:42:17] TAXI DISPATCH START ride=190 limit=2
[2026-05-04 18:42:17] FIND NEAREST DRIVERS: lat=42.874978, lon=74.624138, limit=6, radius=5km
[2026-05-04 18:42:17] REDIS RESULTS: [(29, 3.8826), (13, 3.887), (17, 3.8916), (8, 3.8927), (3, 3.8939), (33, 3.8958)]
[2026-05-04 18:42:17] DRIVERS AFTER FILTER: [33, 13]
[2026-05-04 18:42:17] WARNING: DRIVER 29 DID NOT PASS FILTER
[2026-05-04 18:42:17] DRIVER 13 PASSED FILTER, distance=3.887km
[2026-05-04 18:42:17] WARNING: DRIVER 17 DID NOT PASS FILTER
[2026-05-04 18:42:17] WARNING: DRIVER 8 DID NOT PASS FILTER
[2026-05-04 18:42:17] WARNING: DRIVER 3 DID NOT PASS FILTER
[2026-05-04 18:42:17] DRIVER 33 PASSED FILTER, distance=3.8958km
[2026-05-04 18:42:17] TOTAL DRIVERS RETURNED: 2
[2026-05-04 18:42:17] TAXI TOTAL SENT: 0
[2026-05-04 18:42:17] TAXI DISPATCH START ride=190 limit=2
[2026-05-04 18:42:17] FIND NEAREST DRIVERS: lat=42.874978, lon=74.624138, limit=6, radius=5km
[2026-05-04 18:42:17] REDIS RESULTS: [(29, 3.8826), (13, 3.887), (17, 3.8916), (8, 3.8927), (3, 3.8939), (33, 3.8958)]
[2026-05-04 18:42:17] DRIVERS AFTER FILTER: [33, 13]
[2026-05-04 18:42:17] WARNING: DRIVER 29 DID NOT PASS FILTER
[2026-05-04 18:42:17] DRIVER 13 PASSED FILTER, distance=3.887km
[2026-05-04 18:42:17] WARNING: DRIVER 17 DID NOT PASS FILTER
[2026-05-04 18:42:17] WARNING: DRIVER 8 DID NOT PASS FILTER
[2026-05-04 18:42:17] WARNING: DRIVER 3 DID NOT PASS FILTER
[2026-05-04 18:42:17] DRIVER 33 PASSED FILTER, distance=3.8958km
[2026-05-04 18:42:17] TOTAL DRIVERS RETURNED: 2
[2026-05-04 18:42:17] TAXI TOTAL SENT: 0
[2026-05-04 18:42:17] TAXI DISPATCH START ride=190 limit=3
[2026-05-04 18:42:17] FIND NEAREST DRIVERS: lat=42.874978, lon=74.624138, limit=9, radius=5km
[2026-05-04 18:42:17] REDIS RESULTS: [(29, 3.8826), (13, 3.887), (17, 3.8916), (8, 3.8927), (3, 3.8939), (33, 3.8958), (21, 3.8966), (27, 3.8992), (12, 3.8996)]
[2026-05-04 18:42:17] DRIVERS AFTER FILTER: [33, 13, 12, 27]
[2026-05-04 18:42:17] WARNING: DRIVER 29 DID NOT PASS FILTER
[2026-05-04 18:42:17] DRIVER 13 PASSED FILTER, distance=3.887km
[2026-05-04 18:42:17] WARNING: DRIVER 17 DID NOT PASS FILTER
[2026-05-04 18:42:17] WARNING: DRIVER 8 DID NOT PASS FILTER
[2026-05-04 18:42:17] WARNING: DRIVER 3 DID NOT PASS FILTER
[2026-05-04 18:42:17] DRIVER 33 PASSED FILTER, distance=3.8958km
[2026-05-04 18:42:17] WARNING: DRIVER 21 DID NOT PASS FILTER
[2026-05-04 18:42:17] DRIVER 27 PASSED FILTER, distance=3.8992km
[2026-05-04 18:42:17] DRIVER 12 PASSED FILTER, distance=3.8996km
[2026-05-04 18:42:17] TOTAL DRIVERS RETURNED: 4
[2026-05-04 18:42:17] TAXI TOTAL SENT: 0
[2026-05-04 18:42:17] TAXI DISPATCH START ride=190 limit=3
[2026-05-04 18:42:17] FIND NEAREST DRIVERS: lat=42.874978, lon=74.624138, limit=9, radius=5km
[2026-05-04 18:42:17] REDIS RESULTS: [(29, 3.8826), (13, 3.887), (17, 3.8916), (8, 3.8927), (3, 3.8939), (33, 3.8958), (21, 3.8966), (27, 3.8992), (12, 3.8996)]
[2026-05-04 18:42:17] DRIVERS AFTER FILTER: [33, 13, 12, 27]
[2026-05-04 18:42:17] WARNING: DRIVER 29 DID NOT PASS FILTER
[2026-05-04 18:42:17] DRIVER 13 PASSED FILTER, distance=3.887km
[2026-05-04 18:42:17] WARNING: DRIVER 17 DID NOT PASS FILTER
[2026-05-04 18:42:17] WARNING: DRIVER 8 DID NOT PASS FILTER
[2026-05-04 18:42:17] WARNING: DRIVER 3 DID NOT PASS FILTER
[2026-05-04 18:42:17] DRIVER 33 PASSED FILTER, distance=3.8958km
[2026-05-04 18:42:17] WARNING: DRIVER 21 DID NOT PASS FILTER
[2026-05-04 18:42:17] DRIVER 27 PASSED FILTER, distance=3.8992km
[2026-05-04 18:42:17] DRIVER 12 PASSED FILTER, distance=3.8996km
[2026-05-04 18:42:17] TOTAL DRIVERS RETURNED: 4
[2026-05-04 18:42:17] TAXI TOTAL SENT: 0
[2026-05-04 18:42:32] WS DISCONNECTED: user_72, code=1000
[2026-05-04 18:42:34] WS CONNECTED: user=72 group=user_72
[2026-05-04 18:42:37] TAXI DISPATCH START ride=191 limit=1
[2026-05-04 18:42:37] FIND NEAREST DRIVERS: lat=42.874978, lon=74.624138, limit=3, radius=5km
[2026-05-04 18:42:37] REDIS RESULTS: [(29, 3.8826), (13, 3.887), (17, 3.8916)]
[2026-05-04 18:42:37] DRIVERS AFTER FILTER: [13]
[2026-05-04 18:42:37] WARNING: DRIVER 29 DID NOT PASS FILTER
[2026-05-04 18:42:37] DRIVER 13 PASSED FILTER, distance=3.887km
[2026-05-04 18:42:37] WARNING: DRIVER 17 DID NOT PASS FILTER
[2026-05-04 18:42:37] TOTAL DRIVERS RETURNED: 1
[2026-05-04 18:42:37] TAXI TOTAL SENT: 1
[2026-05-04 18:42:49] TAXI DISPATCH START ride=191 limit=2
[2026-05-04 18:42:49] FIND NEAREST DRIVERS: lat=42.874978, lon=74.624138, limit=6, radius=5km
[2026-05-04 18:42:49] REDIS RESULTS: [(29, 3.8826), (13, 3.887), (17, 3.8916), (8, 3.8927), (3, 3.8939), (33, 3.8958)]
[2026-05-04 18:42:49] DRIVERS AFTER FILTER: [33, 13]
[2026-05-04 18:42:49] WARNING: DRIVER 29 DID NOT PASS FILTER
[2026-05-04 18:42:49] DRIVER 13 PASSED FILTER, distance=3.887km
[2026-05-04 18:42:49] WARNING: DRIVER 17 DID NOT PASS FILTER
[2026-05-04 18:42:49] WARNING: DRIVER 8 DID NOT PASS FILTER
[2026-05-04 18:42:49] WARNING: DRIVER 3 DID NOT PASS FILTER
[2026-05-04 18:42:49] DRIVER 33 PASSED FILTER, distance=3.8958km
[2026-05-04 18:42:49] TOTAL DRIVERS RETURNED: 2
[2026-05-04 18:42:49] TAXI TOTAL SENT: 1
[2026-05-04 18:43:01] TAXI DISPATCH START ride=191 limit=3
[2026-05-04 18:43:01] FIND NEAREST DRIVERS: lat=42.874978, lon=74.624138, limit=9, radius=5km
[2026-05-04 18:43:01] REDIS RESULTS: [(29, 3.8826), (13, 3.887), (17, 3.8916), (8, 3.8927), (3, 3.8939), (33, 3.8958), (21, 3.8966), (27, 3.8992), (12, 3.8996)]
[2026-05-04 18:43:01] DRIVERS AFTER FILTER: [33, 13, 12, 27]
[2026-05-04 18:43:01] WARNING: DRIVER 29 DID NOT PASS FILTER
[2026-05-04 18:43:01] DRIVER 13 PASSED FILTER, distance=3.887km
[2026-05-04 18:43:01] WARNING: DRIVER 17 DID NOT PASS FILTER
[2026-05-04 18:43:01] WARNING: DRIVER 8 DID NOT PASS FILTER
[2026-05-04 18:43:01] WARNING: DRIVER 3 DID NOT PASS FILTER
[2026-05-04 18:43:01] DRIVER 33 PASSED FILTER, distance=3.8958km
[2026-05-04 18:43:01] WARNING: DRIVER 21 DID NOT PASS FILTER
[2026-05-04 18:43:01] DRIVER 27 PASSED FILTER, distance=3.8992km
[2026-05-04 18:43:01] DRIVER 12 PASSED FILTER, distance=3.8996km
[2026-05-04 18:43:01] TOTAL DRIVERS RETURNED: 4
[2026-05-04 18:43:01] TAXI TOTAL SENT: 2
[2026-05-04 18:43:16] TAXI DISPATCH START ride=191 limit=1
[2026-05-04 18:43:16] FIND NEAREST DRIVERS: lat=42.874978, lon=74.624138, limit=3, radius=5km
[2026-05-04 18:43:16] REDIS RESULTS: [(29, 3.8826), (13, 3.887), (17, 3.8916)]
[2026-05-04 18:43:16] DRIVERS AFTER FILTER: [13]
[2026-05-04 18:43:16] WARNING: DRIVER 29 DID NOT PASS FILTER
[2026-05-04 18:43:16] DRIVER 13 PASSED FILTER, distance=3.887km
[2026-05-04 18:43:16] WARNING: DRIVER 17 DID NOT PASS FILTER
[2026-05-04 18:43:16] TOTAL DRIVERS RETURNED: 1
[2026-05-04 18:43:16] TAXI TOTAL SENT: 0
[2026-05-04 18:43:16] TAXI DISPATCH START ride=191 limit=1
[2026-05-04 18:43:16] FIND NEAREST DRIVERS: lat=42.874978, lon=74.624138, limit=3, radius=5km
[2026-05-04 18:43:16] REDIS RESULTS: [(29, 3.8826), (13, 3.887), (17, 3.8916)]
[2026-05-04 18:43:16] DRIVERS AFTER FILTER: [13]
[2026-05-04 18:43:16] WARNING: DRIVER 29 DID NOT PASS FILTER
[2026-05-04 18:43:16] DRIVER 13 PASSED FILTER, distance=3.887km
[2026-05-04 18:43:16] WARNING: DRIVER 17 DID NOT PASS FILTER
[2026-05-04 18:43:16] TOTAL DRIVERS RETURNED: 1
[2026-05-04 18:43:16] TAXI TOTAL SENT: 0
[2026-05-04 18:43:16] TAXI DISPATCH START ride=191 limit=2
[2026-05-04 18:43:16] FIND NEAREST DRIVERS: lat=42.874978, lon=74.624138, limit=6, radius=5km
[2026-05-04 18:43:16] REDIS RESULTS: [(29, 3.8826), (13, 3.887), (17, 3.8916), (8, 3.8927), (3, 3.8939), (33, 3.8958)]
[2026-05-04 18:43:16] DRIVERS AFTER FILTER: [33, 13]
[2026-05-04 18:43:16] WARNING: DRIVER 29 DID NOT PASS FILTER
[2026-05-04 18:43:16] DRIVER 13 PASSED FILTER, distance=3.887km
[2026-05-04 18:43:16] WARNING: DRIVER 17 DID NOT PASS FILTER
[2026-05-04 18:43:16] WARNING: DRIVER 8 DID NOT PASS FILTER
[2026-05-04 18:43:16] WARNING: DRIVER 3 DID NOT PASS FILTER
[2026-05-04 18:43:16] DRIVER 33 PASSED FILTER, distance=3.8958km
[2026-05-04 18:43:16] TOTAL DRIVERS RETURNED: 2
[2026-05-04 18:43:16] TAXI TOTAL SENT: 0
[2026-05-04 18:43:16] TAXI DISPATCH START ride=191 limit=2
[2026-05-04 18:43:16] FIND NEAREST DRIVERS: lat=42.874978, lon=74.624138, limit=6, radius=5km
[2026-05-04 18:43:16] REDIS RESULTS: [(29, 3.8826), (13, 3.887), (17, 3.8916), (8, 3.8927), (3, 3.8939), (33, 3.8958)]
[2026-05-04 18:43:16] DRIVERS AFTER FILTER: [33, 13]
[2026-05-04 18:43:16] WARNING: DRIVER 29 DID NOT PASS FILTER
[2026-05-04 18:43:16] DRIVER 13 PASSED FILTER, distance=3.887km
[2026-05-04 18:43:16] WARNING: DRIVER 17 DID NOT PASS FILTER
[2026-05-04 18:43:16] WARNING: DRIVER 8 DID NOT PASS FILTER
[2026-05-04 18:43:16] WARNING: DRIVER 3 DID NOT PASS FILTER
[2026-05-04 18:43:16] DRIVER 33 PASSED FILTER, distance=3.8958km
[2026-05-04 18:43:16] TOTAL DRIVERS RETURNED: 2
[2026-05-04 18:43:16] TAXI TOTAL SENT: 0
[2026-05-04 18:43:16] TAXI DISPATCH START ride=191 limit=3
[2026-05-04 18:43:16] FIND NEAREST DRIVERS: lat=42.874978, lon=74.624138, limit=9, radius=5km
[2026-05-04 18:43:16] REDIS RESULTS: [(29, 3.8826), (13, 3.887), (17, 3.8916), (8, 3.8927), (3, 3.8939), (33, 3.8958), (21, 3.8966), (27, 3.8992), (12, 3.8996)]
[2026-05-04 18:43:16] DRIVERS AFTER FILTER: [33, 13, 12, 27]
[2026-05-04 18:43:16] WARNING: DRIVER 29 DID NOT PASS FILTER
[2026-05-04 18:43:16] DRIVER 13 PASSED FILTER, distance=3.887km
[2026-05-04 18:43:16] WARNING: DRIVER 17 DID NOT PASS FILTER
[2026-05-04 18:43:16] WARNING: DRIVER 8 DID NOT PASS FILTER
[2026-05-04 18:43:16] WARNING: DRIVER 3 DID NOT PASS FILTER
[2026-05-04 18:43:16] DRIVER 33 PASSED FILTER, distance=3.8958km
[2026-05-04 18:43:16] WARNING: DRIVER 21 DID NOT PASS FILTER
[2026-05-04 18:43:16] DRIVER 27 PASSED FILTER, distance=3.8992km
[2026-05-04 18:43:16] DRIVER 12 PASSED FILTER, distance=3.8996km
[2026-05-04 18:43:16] TOTAL DRIVERS RETURNED: 4
[2026-05-04 18:43:16] TAXI TOTAL SENT: 0
[2026-05-04 18:43:16] TAXI DISPATCH START ride=191 limit=3
[2026-05-04 18:43:16] FIND NEAREST DRIVERS: lat=42.874978, lon=74.624138, limit=9, radius=5km
[2026-05-04 18:43:16] REDIS RESULTS: [(29, 3.8826), (13, 3.887), (17, 3.8916), (8, 3.8927), (3, 3.8939), (33, 3.8958), (21, 3.8966), (27, 3.8992), (12, 3.8996)]
[2026-05-04 18:43:16] DRIVERS AFTER FILTER: [33, 13, 12, 27]
[2026-05-04 18:43:16] WARNING: DRIVER 29 DID NOT PASS FILTER
[2026-05-04 18:43:16] DRIVER 13 PASSED FILTER, distance=3.887km
[2026-05-04 18:43:16] WARNING: DRIVER 17 DID NOT PASS FILTER
[2026-05-04 18:43:16] WARNING: DRIVER 8 DID NOT PASS FILTER
[2026-05-04 18:43:16] WARNING: DRIVER 3 DID NOT PASS FILTER
[2026-05-04 18:43:16] DRIVER 33 PASSED FILTER, distance=3.8958km
[2026-05-04 18:43:16] WARNING: DRIVER 21 DID NOT PASS FILTER
[2026-05-04 18:43:16] DRIVER 27 PASSED FILTER, distance=3.8992km
[2026-05-04 18:43:16] DRIVER 12 PASSED FILTER, distance=3.8996km
[2026-05-04 18:43:16] TOTAL DRIVERS RETURNED: 4
[2026-05-04 18:43:16] TAXI TOTAL SENT: 0
[2026-05-04 18:43:23] WS DISCONNECTED: user_72, code=1000
[2026-05-04 18:43:23] WS DISCONNECTED: user_2, code=1000
[2026-05-04 18:43:38] WS CONNECTED: user=2 group=user_2
[2026-05-04 18:44:17] WS DISCONNECTED: user_2, code=1000
[2026-05-04 18:44:20] WS CONNECTED: user=2 group=user_2
[2026-05-04 18:44:20] DISPATCH START delivery=16483 limit=1
[2026-05-04 18:44:20] FIND NEAREST COURIERS: lat=42.874978, lon=74.624138, limit=3, radius=5km
[2026-05-04 18:44:20] REDIS RESULTS: [(2, 3.8904)]
[2026-05-04 18:44:20] COURIERS AFTER FILTER: [2]
[2026-05-04 18:44:20] COURIER 2 PASSED FILTER, distance=3.8904km
[2026-05-04 18:44:20] TOTAL COURIERS RETURNED: 1
[2026-05-04 18:44:20] NEAREST FOUND: [(2, 3.8904)]
[2026-05-04 18:44:20] CHECK COURIER id=2 distance=3.8904
[2026-05-04 18:44:20] MATCH courier=2 zone_id=2 dropoff_lat=42.8755 dropoff_lon=74.624066 result=False
[2026-05-04 18:44:20] SKIP courier=2 (darkstore/zone mismatch delivery=16483)
[2026-05-04 18:44:20] TOTAL SENT: 0
[2026-05-04 18:44:20] DISPATCH START delivery=16483 limit=3
[2026-05-04 18:44:20] FIND NEAREST COURIERS: lat=42.874978, lon=74.624138, limit=9, radius=5km
[2026-05-04 18:44:20] REDIS RESULTS: [(2, 3.8904)]
[2026-05-04 18:44:20] COURIERS AFTER FILTER: [2]
[2026-05-04 18:44:20] COURIER 2 PASSED FILTER, distance=3.8904km
[2026-05-04 18:44:20] TOTAL COURIERS RETURNED: 1
[2026-05-04 18:44:20] NEAREST FOUND: [(2, 3.8904)]
[2026-05-04 18:44:20] CHECK COURIER id=2 distance=3.8904
[2026-05-04 18:44:20] MATCH courier=2 zone_id=2 dropoff_lat=42.8755 dropoff_lon=74.624066 result=False
[2026-05-04 18:44:20] SKIP courier=2 (darkstore/zone mismatch delivery=16483)
[2026-05-04 18:44:20] TOTAL SENT: 0
[2026-05-04 18:44:20] DISPATCH START delivery=16483 limit=5
[2026-05-04 18:44:20] FIND NEAREST COURIERS: lat=42.874978, lon=74.624138, limit=15, radius=5km
[2026-05-04 18:44:20] REDIS RESULTS: [(2, 3.8904)]
[2026-05-04 18:44:20] COURIERS AFTER FILTER: [2]
[2026-05-04 18:44:20] COURIER 2 PASSED FILTER, distance=3.8904km
[2026-05-04 18:44:20] TOTAL COURIERS RETURNED: 1
[2026-05-04 18:44:20] NEAREST FOUND: [(2, 3.8904)]
[2026-05-04 18:44:20] CHECK COURIER id=2 distance=3.8904
[2026-05-04 18:44:21] MATCH courier=2 zone_id=2 dropoff_lat=42.8755 dropoff_lon=74.624066 result=False
[2026-05-04 18:44:21] SKIP courier=2 (darkstore/zone mismatch delivery=16483)
[2026-05-04 18:44:21] TOTAL SENT: 0
[2026-05-04 18:44:47] WS DISCONNECTED: user_2, code=1000
[2026-05-04 18:44:49] WS CONNECTED: user=2 group=user_2
[2026-05-04 18:45:00] WS DISCONNECTED: user_2, code=1006
[2026-05-04 18:45:02] WS CONNECTED: user=2 group=user_2
[2026-05-04 18:45:17] WS CONNECTED: user=2 group=user_2
[2026-05-04 18:45:21] DISPATCH START delivery=16484 limit=1
[2026-05-04 18:45:21] FIND NEAREST COURIERS: lat=42.873776, lon=74.576859, limit=3, radius=5km
[2026-05-04 18:45:21] REDIS RESULTS: [(2, 0.0394)]
[2026-05-04 18:45:21] COURIERS AFTER FILTER: [2]
[2026-05-04 18:45:21] COURIER 2 PASSED FILTER, distance=0.0394km
[2026-05-04 18:45:21] TOTAL COURIERS RETURNED: 1
[2026-05-04 18:45:21] NEAREST FOUND: [(2, 0.0394)]
[2026-05-04 18:45:21] CHECK COURIER id=2 distance=0.0394
[2026-05-04 18:45:21] MATCH courier=2 zone_id=2 dropoff_lat=42.8755 dropoff_lon=74.624066 result=False
[2026-05-04 18:45:21] SKIP courier=2 (darkstore/zone mismatch delivery=16484)
[2026-05-04 18:45:21] TOTAL SENT: 0
[2026-05-04 18:45:21] DISPATCH START delivery=16484 limit=3
[2026-05-04 18:45:21] FIND NEAREST COURIERS: lat=42.873776, lon=74.576859, limit=9, radius=5km
[2026-05-04 18:45:21] REDIS RESULTS: [(2, 0.0394)]
[2026-05-04 18:45:21] COURIERS AFTER FILTER: [2]
[2026-05-04 18:45:21] COURIER 2 PASSED FILTER, distance=0.0394km
[2026-05-04 18:45:21] TOTAL COURIERS RETURNED: 1
[2026-05-04 18:45:21] NEAREST FOUND: [(2, 0.0394)]
[2026-05-04 18:45:21] CHECK COURIER id=2 distance=0.0394
[2026-05-04 18:45:21] MATCH courier=2 zone_id=2 dropoff_lat=42.8755 dropoff_lon=74.624066 result=False
[2026-05-04 18:45:21] SKIP courier=2 (darkstore/zone mismatch delivery=16484)
[2026-05-04 18:45:21] TOTAL SENT: 0
[2026-05-04 18:45:21] DISPATCH START delivery=16484 limit=5
[2026-05-04 18:45:21] FIND NEAREST COURIERS: lat=42.873776, lon=74.576859, limit=15, radius=5km
[2026-05-04 18:45:21] REDIS RESULTS: [(2, 0.0394)]
[2026-05-04 18:45:21] COURIERS AFTER FILTER: [2]
[2026-05-04 18:45:21] COURIER 2 PASSED FILTER, distance=0.0394km
[2026-05-04 18:45:21] TOTAL COURIERS RETURNED: 1
[2026-05-04 18:45:21] NEAREST FOUND: [(2, 0.0394)]
[2026-05-04 18:45:21] CHECK COURIER id=2 distance=0.0394
[2026-05-04 18:45:21] MATCH courier=2 zone_id=2 dropoff_lat=42.8755 dropoff_lon=74.624066 result=False
[2026-05-04 18:45:21] SKIP courier=2 (darkstore/zone mismatch delivery=16484)
[2026-05-04 18:45:21] TOTAL SENT: 0
